Book_Name,Author_Name,Book_URL,Edition_Type,Price,Star_Rating,Reviews
Harry Potter and the Philosopher's Stone,J.K. Rowling,https://amazon.in/Harry-Potter-Philosophers-Stone-Rowling-ebook/dp/B019PIOJYU/ref=zg_bs_g_1318158031_sccl_1/000-0000000-0000000?psc=1,Kindle Edition,Missing,4.7 out of 5 stars,"101,506"
"THE SILENT PATIENT [Paperback] Michaelides, Alex",Alex Michaelides,https://amazon.in/Silent-Patient-Alex-Michaelides/dp/1409181634/ref=zg_bs_g_1318158031_sccl_2/000-0000000-0000000?psc=1,Paperback,Missing,4.5 out of 5 stars,"267,952"
"The Hidden Hindu: Science-Fiction meets Indian mythology in a nail biting thriller set in 2020 [Paperback] Gupta, Akshat",Akshat Gupta,https://amazon.in/Hidden-Hindu-Akshat-Gupta/dp/0143455699/ref=zg_bs_g_1318158031_sccl_3/000-0000000-0000000?psc=1,Paperback,Missing,4.4 out of 5 stars,"2,585"
The Hidden Hindu 2,Akshat Gupta,https://amazon.in/Hidden-Hindu-2-Akshat-Gupta/dp/0143456547/ref=zg_bs_g_1318158031_sccl_4/000-0000000-0000000?psc=1,Paperback,Missing,4.6 out of 5 stars,"1,289"
"How the Earth Got Its Beauty: Puffin Chapter Book: Gorgeous new full colour, illustrated chapter book for young readers from ages 5 and up by Sudha Murty [Hardcover] Murty, Sudha",Missing,https://amazon.in/How-Earth-Got-Its-Beauty/dp/0143447068/ref=zg_bs_g_1318158031_sccl_5/000-0000000-0000000?psc=1,Hardcover,Missing,4.6 out of 5 stars,Sudha Murty
The Complete Novel of Sherlock Holmes,Arthur Conan Doyle,https://amazon.in/Complete-Novels-Sherlock-Holmes/dp/8175994312/ref=zg_bs_g_1318158031_sccl_6/000-0000000-0000000?psc=1,Paperback,Missing,4.4 out of 5 stars,"19,602"
"The Hidden Hindu Book 3 [Paperback] Gupta, Akshat",Akshat Gupta,https://amazon.in/Hidden-Hindu-Book-3/dp/0143456555/ref=zg_bs_g_1318158031_sccl_7/000-0000000-0000000?psc=1,Paperback,Missing,4.6 out of 5 stars,949
War of Lanka (Ram Chandra Series Book 4),Amish Tripathi,https://amazon.in/War-Lanka-Ram-Chandra-Book/dp/9356291527/ref=zg_bs_g_1318158031_sccl_8/000-0000000-0000000?psc=1,Paperback,Missing,4.3 out of 5 stars,"5,634"
Baby Touch: Tummy Time [Board book] Ladybird,Missing,https://amazon.in/Baby-Touch-Tummy-Time/dp/0241422345/ref=zg_bs_g_1318158031_sccl_9/000-0000000-0000000?psc=1,Board book,Missing,4.6 out of 5 stars,NA
"The Immortals of Meluha (Shiva Trilogy Book 1) (Shiva, 1)",Amish Tripathi,https://amazon.in/Immortals-Meluha-Shiva-Trilogy-Book/dp/9356290520/ref=zg_bs_g_1318158031_sccl_10/000-0000000-0000000?psc=1,Paperback,Missing,4.6 out of 5 stars,"19,478"
THE GOPI DIARIES BOXSET: set of 3 books,Missing,https://amazon.in/GOPI-DIARIES-BOXSET-Sudha-Murty/dp/9356295522/ref=zg_bs_g_1318158031_sccl_11/000-0000000-0000000?psc=1,Hardcover,Missing,4.7 out of 5 stars,Sudha Murty
THE LION INSIDE,Rachel Bright,https://amazon.in/LION-INSIDE-Rachel-Bright/dp/1408349043/ref=zg_bs_g_1318158031_sccl_12/000-0000000-0000000?psc=1,Board book,Missing,4.7 out of 5 stars,"7,431"
Harry Potter and the Chamber of Secrets,J.K. Rowling,https://amazon.in/Harry-Potter-Chamber-Secrets-Rowling-ebook/dp/B019PIOJY0/ref=zg_bs_g_1318158031_sccl_13/000-0000000-0000000?psc=1,Kindle Edition,Missing,4.7 out of 5 stars,"82,647"
On Earth We're Briefly Gorgeous,Ocean Vuong,https://amazon.in/Earth-Were-Briefly-Gorgeous/dp/1529110688/ref=zg_bs_g_1318158031_sccl_14/000-0000000-0000000?psc=1,Paperback,Missing,4.4 out of 5 stars,"17,762"
THE CONCISE LAWS OF HUMAN NATURE,Robert Greene,https://amazon.in/CONCISE-LAWS-HUMAN-NATURE/dp/1788161564/ref=zg_bs_g_1318158031_sccl_15/000-0000000-0000000?psc=1,Paperback,Missing,4.5 out of 5 stars,958
The Secret Garden,Frances Hodgson Burnett,https://amazon.in/Secret-Garden-Frances-Hodgson-Burnett/dp/9386538997/ref=zg_bs_g_1318158031_sccl_16/000-0000000-0000000?psc=1,Paperback,Missing,4.4 out of 5 stars,"19,687"
Samsara: Enter The Valley Of The Gods,Saksham Garg,https://amazon.in/Samsara-Valley-Indias-answer-Potter/dp/0143458280/ref=zg_bs_g_1318158031_sccl_17/000-0000000-0000000?psc=1,Paperback,Missing,4.3 out of 5 stars,969
Harry Potter and the Prisoner of Azkaban,J.K. Rowling,https://amazon.in/Harry-Potter-Prisoner-Azkaban-Rowling-ebook/dp/B019PIOJZ4/ref=zg_bs_g_1318158031_sccl_18/000-0000000-0000000?psc=1,Kindle Edition,Missing,4.8 out of 5 stars,"70,245"
Haunting Adeline,H D Carlton,https://amazon.in/Haunting-Adeline-H-D-Carlton/dp/1957635002/ref=zg_bs_g_1318158031_sccl_19/000-0000000-0000000?psc=1,Paperback,Missing,4.3 out of 5 stars,"59,991"
"Something I Never Told You [Paperback] Bhinder, Shravya",Shravya Bhinder,https://amazon.in/Something-I-Never-Told-You/dp/0143445901/ref=zg_bs_g_1318158031_sccl_20/000-0000000-0000000?psc=1,Paperback,Missing,4.4 out of 5 stars,"2,801"
Harry Potter and the Goblet of Fire,J.K. Rowling,https://amazon.in/Harry-Potter-Goblet-Fire-Rowling-ebook/dp/B019PIOJWW/ref=zg_bs_g_1318158031_sccl_21/000-0000000-0000000?psc=1,Kindle Edition,Missing,4.8 out of 5 stars,"63,995"
Harry Potter and the Philosopher’s Stone: MinaLima Edition,Missing,https://amazon.in/Harry-Potter-Philosophers-Stone-MinaLima/dp/1526626586/ref=zg_bs_g_1318158031_sccl_22/000-0000000-0000000?psc=1,Hardcover,Missing,4.8 out of 5 stars,J.K. Rowling
Harry Potter and the Deathly Hallows,J.K. Rowling,https://amazon.in/Harry-Potter-Deathly-Hallows-Rowling-ebook/dp/B019PIOJVI/ref=zg_bs_g_1318158031_sccl_23/000-0000000-0000000?psc=1,Kindle Edition,Missing,4.8 out of 5 stars,"84,235"
Harry Potter and the Order of the Phoenix,J.K. Rowling,https://amazon.in/Harry-Potter-Order-Phoenix-Rowling-ebook/dp/B019PIOJV8/ref=zg_bs_g_1318158031_sccl_24/000-0000000-0000000?psc=1,Kindle Edition,Missing,4.7 out of 5 stars,"63,610"
"Raavan : Enemy of Aryavarta (Ram Chandra Series Book 3) (The Ram Chandra, 3)",Amish Tripathi,https://amazon.in/Raavan-Enemy-Aryavarta-Chandra-Book/dp/9356290970/ref=zg_bs_g_1318158031_sccl_25/000-0000000-0000000?psc=1,Paperback,Missing,4.5 out of 5 stars,"16,510"
"The Secret of The Nagas (Shiva Trilogy Book 2) (The Shiva Trilogy, 2)",Amish Tripathi,https://amazon.in/Secret-Nagas-Shiva-Trilogy-Book/dp/9356290601/ref=zg_bs_g_1318158031_sccl_26/000-0000000-0000000?psc=1,Paperback,Missing,4.6 out of 5 stars,"13,926"
Harry Potter and the Half-Blood Prince,J.K. Rowling,https://amazon.in/Harry-Potter-Half-Blood-Prince-Rowling-ebook/dp/B019PIOJZE/ref=zg_bs_g_1318158031_sccl_27/000-0000000-0000000?psc=1,Kindle Edition,Missing,4.8 out of 5 stars,"68,121"
"Ram - Scion of Ikshvaku (Ram Chandra Series Book 1) (Ram Chandra, 1)",Amish Tripathi,https://amazon.in/Ram-Scion-Ikshvaku-Chandra-Book/dp/9356290792/ref=zg_bs_g_1318158031_sccl_28/000-0000000-0000000?psc=1,Paperback,Missing,4.3 out of 5 stars,"20,628"
"Sita : Warrior of Mithila (Ram Chandra Series Book 2) (Ram Chandra, 2)",Amish Tripathi,https://amazon.in/Sita-Warrior-Mithila-Chandra-Book/dp/9356290911/ref=zg_bs_g_1318158031_sccl_29/000-0000000-0000000?psc=1,Paperback,Missing,4.4 out of 5 stars,"17,519"
Lanka ka Yuddh (War Of Lanka) Ram Chandra Series Book 4,Amish Tripathi,https://amazon.in/Lanka-Yuddh-War-Chandra-Book/dp/9356991596/ref=zg_bs_g_1318158031_sccl_30/000-0000000-0000000?psc=1,Paperback,Missing,4.3 out of 5 stars,"5,634"
The Hidden Hindu,Missing,https://amazon.in/Audible-The-Hidden-Hindu/dp/B0BZWWGK9K/ref=zg_bs_g_1318158031_sccl_1/000-0000000-0000000?psc=1,Audible Audiobook,Missing,4.4 out of 5 stars,Akshat Gupta
"The Oath of The Vayuputras (Shiva Trilogy Book 3) (Shiva Trilogy, 3)",Amish Tripathi,https://amazon.in/Oath-Vayuputras-Shiva-Trilogy-Book/dp/9356290687/ref=zg_bs_g_1318158031_sccl_2/000-0000000-0000000?psc=1,Paperback,Missing,4.6 out of 5 stars,"10,483"
"DEMON SLAYER: KIMETSU NO YAIBA, VOL. 1",Koyoharu Gotouge,https://amazon.in/DEMON-SLAYER-KIMETSU-YAIBA-VOL/dp/1974700526/ref=zg_bs_g_1318158031_sccl_3/000-0000000-0000000?psc=1,Paperback,Missing,4.5 out of 5 stars,"14,257"
Harry Potter and the Chamber of Secrets: MinaLima Edition,Missing,https://amazon.in/Harry-Potter-Chamber-Secrets-MinaLima/dp/152663788X/ref=zg_bs_g_1318158031_sccl_4/000-0000000-0000000?psc=1,Hardcover,Missing,4.9 out of 5 stars,J.K. Rowling
THE KOALA WHO COULD BOARD BOOK,Rachel Bright,https://amazon.in/KOALA-WHO-COULD-BOARD-BOOK/dp/140835148X/ref=zg_bs_g_1318158031_sccl_5/000-0000000-0000000?psc=1,Board book,Missing,4.7 out of 5 stars,"6,384"
Bipin: The Man Behind the Uniform [Hardcover] Rachna Bisht Rawat,Rachna Bisht Rawat,https://amazon.in/Bipin-Uniform-Rachna-Bisht-Rawat/dp/0670097195/ref=zg_bs_g_1318158031_sccl_6/000-0000000-0000000?psc=1,Hardcover,Missing,4.7 out of 5 stars,152
The Things We Leave Unfinished : TikTok made me buy it: The most emotional romance of 2023 from the Sunday Times bestselling author of The Fourth Wing,Rebecca Yarros,https://amazon.in/Things-Leave-Unfinished-heart-wrenching-bestselling/dp/1804992321/ref=zg_bs_g_1318158031_sccl_7/000-0000000-0000000?psc=1,Paperback,Missing,4.5 out of 5 stars,"13,626"
DORK DIARIES : I LOVE PARIS!,Missing,https://amazon.in/Dork-Diaries-I-Love-Paris/dp/1471196860/ref=zg_bs_g_1318158031_sccl_8/000-0000000-0000000?psc=1,Paperback,Missing,4.4 out of 5 stars,RACHEL RENEE RUSSELL
"SWAMI AND FRIENDS, R.K. Narayan",R.K. Narayan,https://amazon.in/Swami-Friends-R-K-Narayan/dp/8185986002/ref=zg_bs_g_1318158031_sccl_9/000-0000000-0000000?psc=1,Paperback,Missing,4.6 out of 5 stars,"1,712"
"Naruto, Volume 1",Masashi Kishimoto,https://amazon.in/Naruto-01-Masashi-Kishimoto/dp/1569319006/ref=zg_bs_g_1318158031_sccl_10/000-0000000-0000000?psc=1,Paperback,Missing,4.4 out of 5 stars,"4,989"
ONE PIECE 103,Eiichiro Oda,https://amazon.in/One-Piece-Vol-103/dp/1974738701/ref=zg_bs_g_1318158031_sccl_11/000-0000000-0000000?psc=1,Paperback,Missing,4.9 out of 5 stars,451
The Immortals of Meluha,Missing,https://amazon.in/Audible-The-Immortals-of-Meluha/dp/B0BKCD5YSY/ref=zg_bs_g_1318158031_sccl_12/000-0000000-0000000?psc=1,Audible Audiobook,Missing,4.6 out of 5 stars,Amish Tripathi
Six of Crows: Crooked Kingdom,Leigh Bardugo,https://amazon.in/Six-Crows-Crooked-Kingdom-Book/dp/1780622317/ref=zg_bs_g_1318158031_sccl_13/000-0000000-0000000?psc=1,Paperback,Missing,4.7 out of 5 stars,"35,357"
When She Unravels: A Dark Mafia Romance (The Fallen Book 1),Gabrielle Sands,https://amazon.in/When-She-Unravels-Romance-Fallen-ebook/dp/B0B75FJH6J/ref=zg_bs_g_1318158031_sccl_14/000-0000000-0000000?psc=1,Kindle Edition,Missing,4.4 out of 5 stars,"6,753"
"Oh no, Captain!",Missing,https://amazon.in/Captain-Capt-Irfan-Sait-Razack/dp/1684667801/ref=zg_bs_g_1318158031_sccl_15/000-0000000-0000000?psc=1,Paperback,Missing,4.5 out of 5 stars,Capt. Irfan Sait Razack
Angels And Demons (L): (Robert Langdon Book 1),Dan Brown,https://amazon.in/Angels-Demons-Robert-Langdon-Brown/dp/0552161268/ref=zg_bs_g_1318158031_sccl_16/000-0000000-0000000?psc=1,Paperback,Missing,4.6 out of 5 stars,"18,820"
Where The Sun Never Sets,Stuti Changle,https://amazon.in/Where-Never-Sets-Signed-author/dp/014345367X/ref=zg_bs_g_1318158031_sccl_17/000-0000000-0000000?psc=1,Paperback,Missing,4.2 out of 5 stars,343
The Gopi Diaries: Finding Love,Missing,https://amazon.in/Gopi-Diaries-Finding-Love/dp/9390351618/ref=zg_bs_g_1318158031_sccl_18/000-0000000-0000000?psc=1,Hardcover,Missing,4.7 out of 5 stars,Sudha Murty
One Piece 01: Romance Dawn: Volume 1 [Paperback] Eiichiro Oda,Eiichiro Oda,https://amazon.in/One-Piece-01-Eiichiro-Oda/dp/1569319014/ref=zg_bs_g_1318158031_sccl_19/000-0000000-0000000?psc=1,Paperback,Missing,4.6 out of 5 stars,"4,241"
Wildfire: The unmissable new novel from the Sunday Times bestselling author of Icebreaker,Hannah Grace,https://amazon.in/Wildfire-unmissable-Sunday-bestselling-Icebreaker/dp/1398525715/ref=zg_bs_g_1318158031_sccl_20/000-0000000-0000000?psc=1,Paperback,Missing,4.3 out of 5 stars,30
Harry Potter and the Philosopher's Stone,J.K. Rowling,https://amazon.in/Harry-Potter-Philosophers-Stone-Rowling-ebook/dp/B019PIOJYU/ref=zg_bs_g_1318158031_sccl_1/000-0000000-0000000?psc=1,Kindle Edition,Missing,4.7 out of 5 stars,"101,506"
"THE SILENT PATIENT [Paperback] Michaelides, Alex",Alex Michaelides,https://amazon.in/Silent-Patient-Alex-Michaelides/dp/1409181634/ref=zg_bs_g_1318158031_sccl_2/000-0000000-0000000?psc=1,Paperback,Missing,4.5 out of 5 stars,"267,952"
"The Hidden Hindu: Science-Fiction meets Indian mythology in a nail biting thriller set in 2020 [Paperback] Gupta, Akshat",Akshat Gupta,https://amazon.in/Hidden-Hindu-Akshat-Gupta/dp/0143455699/ref=zg_bs_g_1318158031_sccl_3/000-0000000-0000000?psc=1,Paperback,Missing,4.4 out of 5 stars,"2,585"
The Hidden Hindu 2,Akshat Gupta,https://amazon.in/Hidden-Hindu-2-Akshat-Gupta/dp/0143456547/ref=zg_bs_g_1318158031_sccl_4/000-0000000-0000000?psc=1,Paperback,Missing,4.6 out of 5 stars,"1,289"
"How the Earth Got Its Beauty: Puffin Chapter Book: Gorgeous new full colour, illustrated chapter book for young readers from ages 5 and up by Sudha Murty [Hardcover] Murty, Sudha",Missing,https://amazon.in/How-Earth-Got-Its-Beauty/dp/0143447068/ref=zg_bs_g_1318158031_sccl_5/000-0000000-0000000?psc=1,Hardcover,Missing,4.6 out of 5 stars,Sudha Murty
The Complete Novel of Sherlock Holmes,Arthur Conan Doyle,https://amazon.in/Complete-Novels-Sherlock-Holmes/dp/8175994312/ref=zg_bs_g_1318158031_sccl_6/000-0000000-0000000?psc=1,Paperback,Missing,4.4 out of 5 stars,"19,602"
"The Hidden Hindu Book 3 [Paperback] Gupta, Akshat",Akshat Gupta,https://amazon.in/Hidden-Hindu-Book-3/dp/0143456555/ref=zg_bs_g_1318158031_sccl_7/000-0000000-0000000?psc=1,Paperback,Missing,4.6 out of 5 stars,949
War of Lanka (Ram Chandra Series Book 4),Amish Tripathi,https://amazon.in/War-Lanka-Ram-Chandra-Book/dp/9356291527/ref=zg_bs_g_1318158031_sccl_8/000-0000000-0000000?psc=1,Paperback,Missing,4.3 out of 5 stars,"5,634"
Baby Touch: Tummy Time [Board book] Ladybird,Missing,https://amazon.in/Baby-Touch-Tummy-Time/dp/0241422345/ref=zg_bs_g_1318158031_sccl_9/000-0000000-0000000?psc=1,Board book,Missing,4.6 out of 5 stars,NA
"The Immortals of Meluha (Shiva Trilogy Book 1) (Shiva, 1)",Amish Tripathi,https://amazon.in/Immortals-Meluha-Shiva-Trilogy-Book/dp/9356290520/ref=zg_bs_g_1318158031_sccl_10/000-0000000-0000000?psc=1,Paperback,Missing,4.6 out of 5 stars,"19,478"
THE GOPI DIARIES BOXSET: set of 3 books,Missing,https://amazon.in/GOPI-DIARIES-BOXSET-Sudha-Murty/dp/9356295522/ref=zg_bs_g_1318158031_sccl_11/000-0000000-0000000?psc=1,Hardcover,Missing,4.7 out of 5 stars,Sudha Murty
THE LION INSIDE,Rachel Bright,https://amazon.in/LION-INSIDE-Rachel-Bright/dp/1408349043/ref=zg_bs_g_1318158031_sccl_12/000-0000000-0000000?psc=1,Board book,Missing,4.7 out of 5 stars,"7,431"
Harry Potter and the Chamber of Secrets,J.K. Rowling,https://amazon.in/Harry-Potter-Chamber-Secrets-Rowling-ebook/dp/B019PIOJY0/ref=zg_bs_g_1318158031_sccl_13/000-0000000-0000000?psc=1,Kindle Edition,Missing,4.7 out of 5 stars,"82,647"
On Earth We're Briefly Gorgeous,Ocean Vuong,https://amazon.in/Earth-Were-Briefly-Gorgeous/dp/1529110688/ref=zg_bs_g_1318158031_sccl_14/000-0000000-0000000?psc=1,Paperback,Missing,4.4 out of 5 stars,"17,762"
THE CONCISE LAWS OF HUMAN NATURE,Robert Greene,https://amazon.in/CONCISE-LAWS-HUMAN-NATURE/dp/1788161564/ref=zg_bs_g_1318158031_sccl_15/000-0000000-0000000?psc=1,Paperback,Missing,4.5 out of 5 stars,958
The Secret Garden,Frances Hodgson Burnett,https://amazon.in/Secret-Garden-Frances-Hodgson-Burnett/dp/9386538997/ref=zg_bs_g_1318158031_sccl_16/000-0000000-0000000?psc=1,Paperback,Missing,4.4 out of 5 stars,"19,687"
Samsara: Enter The Valley Of The Gods,Saksham Garg,https://amazon.in/Samsara-Valley-Indias-answer-Potter/dp/0143458280/ref=zg_bs_g_1318158031_sccl_17/000-0000000-0000000?psc=1,Paperback,Missing,4.3 out of 5 stars,969
Harry Potter and the Prisoner of Azkaban,J.K. Rowling,https://amazon.in/Harry-Potter-Prisoner-Azkaban-Rowling-ebook/dp/B019PIOJZ4/ref=zg_bs_g_1318158031_sccl_18/000-0000000-0000000?psc=1,Kindle Edition,Missing,4.8 out of 5 stars,"70,245"
Haunting Adeline,H D Carlton,https://amazon.in/Haunting-Adeline-H-D-Carlton/dp/1957635002/ref=zg_bs_g_1318158031_sccl_19/000-0000000-0000000?psc=1,Paperback,Missing,4.3 out of 5 stars,"59,991"
"Something I Never Told You [Paperback] Bhinder, Shravya",Shravya Bhinder,https://amazon.in/Something-I-Never-Told-You/dp/0143445901/ref=zg_bs_g_1318158031_sccl_20/000-0000000-0000000?psc=1,Paperback,Missing,4.4 out of 5 stars,"2,801"
Harry Potter and the Goblet of Fire,J.K. Rowling,https://amazon.in/Harry-Potter-Goblet-Fire-Rowling-ebook/dp/B019PIOJWW/ref=zg_bs_g_1318158031_sccl_21/000-0000000-0000000?psc=1,Kindle Edition,Missing,4.8 out of 5 stars,"63,995"
Harry Potter and the Philosopher’s Stone: MinaLima Edition,Missing,https://amazon.in/Harry-Potter-Philosophers-Stone-MinaLima/dp/1526626586/ref=zg_bs_g_1318158031_sccl_22/000-0000000-0000000?psc=1,Hardcover,Missing,4.8 out of 5 stars,J.K. Rowling
Harry Potter and the Deathly Hallows,J.K. Rowling,https://amazon.in/Harry-Potter-Deathly-Hallows-Rowling-ebook/dp/B019PIOJVI/ref=zg_bs_g_1318158031_sccl_23/000-0000000-0000000?psc=1,Kindle Edition,Missing,4.8 out of 5 stars,"84,235"
Harry Potter and the Order of the Phoenix,J.K. Rowling,https://amazon.in/Harry-Potter-Order-Phoenix-Rowling-ebook/dp/B019PIOJV8/ref=zg_bs_g_1318158031_sccl_24/000-0000000-0000000?psc=1,Kindle Edition,Missing,4.7 out of 5 stars,"63,610"
"Raavan : Enemy of Aryavarta (Ram Chandra Series Book 3) (The Ram Chandra, 3)",Amish Tripathi,https://amazon.in/Raavan-Enemy-Aryavarta-Chandra-Book/dp/9356290970/ref=zg_bs_g_1318158031_sccl_25/000-0000000-0000000?psc=1,Paperback,Missing,4.5 out of 5 stars,"16,510"
"The Secret of The Nagas (Shiva Trilogy Book 2) (The Shiva Trilogy, 2)",Amish Tripathi,https://amazon.in/Secret-Nagas-Shiva-Trilogy-Book/dp/9356290601/ref=zg_bs_g_1318158031_sccl_26/000-0000000-0000000?psc=1,Paperback,Missing,4.6 out of 5 stars,"13,926"
Harry Potter and the Half-Blood Prince,J.K. Rowling,https://amazon.in/Harry-Potter-Half-Blood-Prince-Rowling-ebook/dp/B019PIOJZE/ref=zg_bs_g_1318158031_sccl_27/000-0000000-0000000?psc=1,Kindle Edition,Missing,4.8 out of 5 stars,"68,121"
"Ram - Scion of Ikshvaku (Ram Chandra Series Book 1) (Ram Chandra, 1)",Amish Tripathi,https://amazon.in/Ram-Scion-Ikshvaku-Chandra-Book/dp/9356290792/ref=zg_bs_g_1318158031_sccl_28/000-0000000-0000000?psc=1,Paperback,Missing,4.3 out of 5 stars,"20,628"
"Sita : Warrior of Mithila (Ram Chandra Series Book 2) (Ram Chandra, 2)",Amish Tripathi,https://amazon.in/Sita-Warrior-Mithila-Chandra-Book/dp/9356290911/ref=zg_bs_g_1318158031_sccl_29/000-0000000-0000000?psc=1,Paperback,Missing,4.4 out of 5 stars,"17,519"
Lanka ka Yuddh (War Of Lanka) Ram Chandra Series Book 4,Amish Tripathi,https://amazon.in/Lanka-Yuddh-War-Chandra-Book/dp/9356991596/ref=zg_bs_g_1318158031_sccl_30/000-0000000-0000000?psc=1,Paperback,Missing,4.3 out of 5 stars,"5,634"
The Hidden Hindu,Missing,https://amazon.in/Audible-The-Hidden-Hindu/dp/B0BZWWGK9K/ref=zg_bs_g_1318158031_sccl_1/000-0000000-0000000?psc=1,Audible Audiobook,Missing,4.4 out of 5 stars,Akshat Gupta
"The Oath of The Vayuputras (Shiva Trilogy Book 3) (Shiva Trilogy, 3)",Amish Tripathi,https://amazon.in/Oath-Vayuputras-Shiva-Trilogy-Book/dp/9356290687/ref=zg_bs_g_1318158031_sccl_2/000-0000000-0000000?psc=1,Paperback,Missing,4.6 out of 5 stars,"10,483"
"DEMON SLAYER: KIMETSU NO YAIBA, VOL. 1",Koyoharu Gotouge,https://amazon.in/DEMON-SLAYER-KIMETSU-YAIBA-VOL/dp/1974700526/ref=zg_bs_g_1318158031_sccl_3/000-0000000-0000000?psc=1,Paperback,Missing,4.5 out of 5 stars,"14,257"
Harry Potter and the Chamber of Secrets: MinaLima Edition,Missing,https://amazon.in/Harry-Potter-Chamber-Secrets-MinaLima/dp/152663788X/ref=zg_bs_g_1318158031_sccl_4/000-0000000-0000000?psc=1,Hardcover,Missing,4.9 out of 5 stars,J.K. Rowling
THE KOALA WHO COULD BOARD BOOK,Rachel Bright,https://amazon.in/KOALA-WHO-COULD-BOARD-BOOK/dp/140835148X/ref=zg_bs_g_1318158031_sccl_5/000-0000000-0000000?psc=1,Board book,Missing,4.7 out of 5 stars,"6,384"
Bipin: The Man Behind the Uniform [Hardcover] Rachna Bisht Rawat,Rachna Bisht Rawat,https://amazon.in/Bipin-Uniform-Rachna-Bisht-Rawat/dp/0670097195/ref=zg_bs_g_1318158031_sccl_6/000-0000000-0000000?psc=1,Hardcover,Missing,4.7 out of 5 stars,152
The Things We Leave Unfinished : TikTok made me buy it: The most emotional romance of 2023 from the Sunday Times bestselling author of The Fourth Wing,Rebecca Yarros,https://amazon.in/Things-Leave-Unfinished-heart-wrenching-bestselling/dp/1804992321/ref=zg_bs_g_1318158031_sccl_7/000-0000000-0000000?psc=1,Paperback,Missing,4.5 out of 5 stars,"13,626"
DORK DIARIES : I LOVE PARIS!,Missing,https://amazon.in/Dork-Diaries-I-Love-Paris/dp/1471196860/ref=zg_bs_g_1318158031_sccl_8/000-0000000-0000000?psc=1,Paperback,Missing,4.4 out of 5 stars,RACHEL RENEE RUSSELL
"SWAMI AND FRIENDS, R.K. Narayan",R.K. Narayan,https://amazon.in/Swami-Friends-R-K-Narayan/dp/8185986002/ref=zg_bs_g_1318158031_sccl_9/000-0000000-0000000?psc=1,Paperback,Missing,4.6 out of 5 stars,"1,712"
"Naruto, Volume 1",Masashi Kishimoto,https://amazon.in/Naruto-01-Masashi-Kishimoto/dp/1569319006/ref=zg_bs_g_1318158031_sccl_10/000-0000000-0000000?psc=1,Paperback,Missing,4.4 out of 5 stars,"4,989"
ONE PIECE 103,Eiichiro Oda,https://amazon.in/One-Piece-Vol-103/dp/1974738701/ref=zg_bs_g_1318158031_sccl_11/000-0000000-0000000?psc=1,Paperback,Missing,4.9 out of 5 stars,451
The Immortals of Meluha,Missing,https://amazon.in/Audible-The-Immortals-of-Meluha/dp/B0BKCD5YSY/ref=zg_bs_g_1318158031_sccl_12/000-0000000-0000000?psc=1,Audible Audiobook,Missing,4.6 out of 5 stars,Amish Tripathi
Six of Crows: Crooked Kingdom,Leigh Bardugo,https://amazon.in/Six-Crows-Crooked-Kingdom-Book/dp/1780622317/ref=zg_bs_g_1318158031_sccl_13/000-0000000-0000000?psc=1,Paperback,Missing,4.7 out of 5 stars,"35,357"
When She Unravels: A Dark Mafia Romance (The Fallen Book 1),Gabrielle Sands,https://amazon.in/When-She-Unravels-Romance-Fallen-ebook/dp/B0B75FJH6J/ref=zg_bs_g_1318158031_sccl_14/000-0000000-0000000?psc=1,Kindle Edition,Missing,4.4 out of 5 stars,"6,753"
"Oh no, Captain!",Missing,https://amazon.in/Captain-Capt-Irfan-Sait-Razack/dp/1684667801/ref=zg_bs_g_1318158031_sccl_15/000-0000000-0000000?psc=1,Paperback,Missing,4.5 out of 5 stars,Capt. Irfan Sait Razack
Angels And Demons (L): (Robert Langdon Book 1),Dan Brown,https://amazon.in/Angels-Demons-Robert-Langdon-Brown/dp/0552161268/ref=zg_bs_g_1318158031_sccl_16/000-0000000-0000000?psc=1,Paperback,Missing,4.6 out of 5 stars,"18,820"
Where The Sun Never Sets,Stuti Changle,https://amazon.in/Where-Never-Sets-Signed-author/dp/014345367X/ref=zg_bs_g_1318158031_sccl_17/000-0000000-0000000?psc=1,Paperback,Missing,4.2 out of 5 stars,343
The Gopi Diaries: Finding Love,Missing,https://amazon.in/Gopi-Diaries-Finding-Love/dp/9390351618/ref=zg_bs_g_1318158031_sccl_18/000-0000000-0000000?psc=1,Hardcover,Missing,4.7 out of 5 stars,Sudha Murty
One Piece 01: Romance Dawn: Volume 1 [Paperback] Eiichiro Oda,Eiichiro Oda,https://amazon.in/One-Piece-01-Eiichiro-Oda/dp/1569319014/ref=zg_bs_g_1318158031_sccl_19/000-0000000-0000000?psc=1,Paperback,Missing,4.6 out of 5 stars,"4,241"
Wildfire: The unmissable new novel from the Sunday Times bestselling author of Icebreaker,Hannah Grace,https://amazon.in/Wildfire-unmissable-Sunday-bestselling-Icebreaker/dp/1398525715/ref=zg_bs_g_1318158031_sccl_20/000-0000000-0000000?psc=1,Paperback,Missing,4.3 out of 5 stars,30
The Complete Novel of Sherlock Holmes,Arthur Conan Doyle,https://amazon.in/Complete-Novels-Sherlock-Holmes/dp/8175994312/ref=zg_bs_g_1318052031_sccl_1/000-0000000-0000000?psc=1,Paperback,Missing,4.4 out of 5 stars,"19,602"
Colouring Book of Shapes: Creative Crayons Series - Crayon Copy Colour Books,Wonder House Books,https://amazon.in/Creative-Crayons-Shapes-Crayon-Colour/dp/9387779750/ref=zg_bs_g_1318052031_sccl_2/000-0000000-0000000?psc=1,Paperback,Missing,4.3 out of 5 stars,"1,817"
THE ARTIST'S WAY,Julia Cameron,https://amazon.in/ARTISTS-WAY-Julia-Cameron/dp/1788164296/ref=zg_bs_g_1318052031_sccl_3/000-0000000-0000000?psc=1,Paperback,Missing,4.6 out of 5 stars,"10,250"
Beyond the Story: 10-Year Record of BTS,Missing,https://amazon.in/Beyond-Story-10-Year-Record-BTS/dp/103503154X/ref=zg_bs_g_1318052031_sccl_4/000-0000000-0000000?psc=1,Hardcover,Missing,4.8 out of 5 stars,BTS and Myeongseok Kang
"Nature, Garden and Forest: Colouring Books for Adults with Tear Out Sheets (Adult Colouring Book)",Wonder House Books,https://amazon.in/Nature-Garden-Forest-Colouring-Adults/dp/938653858X/ref=zg_bs_g_1318052031_sccl_5/000-0000000-0000000?psc=1,Paperback,Missing,4.5 out of 5 stars,"2,290"
Black Holes (L) : The Reith Lectures,Stephen Hawking,https://amazon.in/Black-Holes-Lectures-Stephen-Hawking/dp/085750357X/ref=zg_bs_g_1318052031_sccl_6/000-0000000-0000000?psc=1,Paperback,Missing,4.5 out of 5 stars,"7,492"
Motivation- Colouring Book for Adults,Dreamland Publications,https://amazon.in/Motivation-Adult-Colouring-Peace-Relaxation/dp/9387177033/ref=zg_bs_g_1318052031_sccl_7/000-0000000-0000000?psc=1,Paperback,Missing,4.5 out of 5 stars,"2,677"
Majestic Animals,Wonder House Books,https://amazon.in/Majestic-Animals-Colouring-Adults-Sheets/dp/9386538598/ref=zg_bs_g_1318052031_sccl_8/000-0000000-0000000?psc=1,Paperback,Missing,4.6 out of 5 stars,"1,512"
Greatest Works of Jane Austen (Set of 5 Books),Jane Austen,https://amazon.in/Greatest-Works-Jane-Austen-Books/dp/9388810511/ref=zg_bs_g_1318052031_sccl_9/000-0000000-0000000?psc=1,Paperback,Missing,4.6 out of 5 stars,"2,859"
Hooked : How to Build Habit-Forming Prod,Nir Eyal,https://amazon.in/Hooked-How-Build-Habit-Forming-Products/dp/0241184835/ref=zg_bs_g_1318052031_sccl_10/000-0000000-0000000?psc=1,Hardcover,Missing,4.6 out of 5 stars,"7,325"
Chidambara Ninaivugal: சிதம்பர நினைவுகள் தமிழில் - கே.வி. ஷைலஜா (Tamil Edition),Missing,https://amazon.in/Chidambara-Ninaivugal-%E0%AE%9A%E0%AE%BF%E0%AE%A4%E0%AE%AE%E0%AF%8D%E0%AE%AA%E0%AE%B0-%E0%AE%A8%E0%AE%BF%E0%AE%A9%E0%AF%88%E0%AE%B5%E0%AF%81%E0%AE%95%E0%AE%B3%E0%AF%8D-%E0%AE%A4%E0%AE%AE%E0%AE%BF%E0%AE%B4%E0%AE%BF%E0%AE%B2%E0%AF%8D-ebook/dp/B07GC4DZ2T/ref=zg_bs_g_1318052031_sccl_11/000-0000000-0000000?psc=1,Kindle Edition,Missing,4.5 out of 5 stars,Balachandran Chullikkad
Happiness Mandala Colouring Book for Adults and Young Adults with Tear out sheets Book 1,Missing,https://amazon.in/Happiness-Mandala-Colouring-Adults-Young/dp/9391094023/ref=zg_bs_g_1318052031_sccl_12/000-0000000-0000000?psc=1,Paperback,Missing,4.9 out of 5 stars,Kukudoo Learning
Cityscape- Colouring Book for Adults (Adult Coloring Activity Book),Missing,https://amazon.in/Cityscape-Adult-Colouring-Peace-Relaxation/dp/9386671964/ref=zg_bs_g_1318052031_sccl_13/000-0000000-0000000?psc=1,Paperback,Missing,4.4 out of 5 stars,Dreamland Publications
Greenlights: Raucous stories and outlaw wisdom from the Academy Award-winning actor,Matthew McConaughey,https://amazon.in/Greenlights-Raucous-stories-Academy-Award-winning/dp/1472280873/ref=zg_bs_g_1318052031_sccl_14/000-0000000-0000000?psc=1,Paperback,Missing,4.6 out of 5 stars,"30,731"
Harry Potter and the Cursed Child - Parts One and Two: The Official Playscript of the Original West End Production,J.K. Rowling,https://amazon.in/Harry-Potter-Cursed-Child-Playscript-ebook/dp/B073P9348D/ref=zg_bs_g_1318052031_sccl_15/000-0000000-0000000?psc=1,Kindle Edition with Audio/Video,Missing,4.4 out of 5 stars,"85,463"
I CAME UPON A LIGHTHOUSE: A Short Memoir of Life with Ratan Tata,Shantanu Naidu,https://amazon.in/CAME-UPON-LIGHTHOUSE-Short-Memoir/dp/935489741X/ref=zg_bs_g_1318052031_sccl_16/000-0000000-0000000?psc=1,Paperback,Missing,4.7 out of 5 stars,"2,008"
Patterns - Creative Doodle Colouring Book for Beginners and Adults,Dreamland Publications,https://amazon.in/Creative-Doodle-Colouring-Dreamland-Publications/dp/9350897946/ref=zg_bs_g_1318052031_sccl_17/000-0000000-0000000?psc=1,Paperback,Missing,4.5 out of 5 stars,"2,698"
ENGLISH LITERATURE,William J. Long,https://amazon.in/ENGLISH-LITERATURE-William-J-Long/dp/812913540X/ref=zg_bs_g_1318052031_sccl_18/000-0000000-0000000?psc=1,Paperback,Missing,4.5 out of 5 stars,758
"Figure Study Made Easy [paperback] Chari, Aditya [Dec 01, 2008]…",Missing,https://amazon.in/Figure-Study-Made-Aditya-Chari/dp/8190089099/ref=zg_bs_g_1318052031_sccl_19/000-0000000-0000000?psc=1,Paperback,Missing,4.5 out of 5 stars,Aditya Chari
Raj Kapoor,Rahul Rawail,https://amazon.in/Raj-Kapoor-Master-at-Work/dp/9388630165/ref=zg_bs_g_1318052031_sccl_20/000-0000000-0000000?psc=1,Hardcover,Missing,4.4 out of 5 stars,119
"Portrait Techniques Made Easy [paperback] Chari, Aditya [Dec 01, 2001]…",Missing,https://amazon.in/Portrait-Techniques-Made-Aditya-Chari/dp/8190089048/ref=zg_bs_g_1318052031_sccl_21/000-0000000-0000000?psc=1,Paperback,Missing,4.3 out of 5 stars,Aditya Chari
"The Silent Patient: The record-breaking, multimillion copy Sunday Times bestselling thriller and TikTok sensation",Alex Michaelides,https://amazon.in/Silent-Patient-most-anticipated-thriller-ebook/dp/B07G17DR4X/ref=zg_bs_g_1318052031_sccl_22/000-0000000-0000000?psc=1,Kindle Edition,Missing,4.5 out of 5 stars,"267,952"
"Set of 4 Mini Adult Colouring Pads including Patterns, Mandala, Doodles & Animals",Missing,https://amazon.in/Colouring-including-Patterns-Mandala-Doodles/dp/813191948X/ref=zg_bs_g_1318052031_sccl_23/000-0000000-0000000?psc=1,Product Bundle,Missing,4.3 out of 5 stars,Team Pegasus
Desperately Seeking Shah Rukh : India's Lonely Young Women and the Search for Intimacy and Independence,Shrayana Bhattacharya,https://amazon.in/Desperately-Seeking-Shah-Rukh-Independence/dp/9356292140/ref=zg_bs_g_1318052031_sccl_24/000-0000000-0000000?psc=1,Paperback,Missing,4.5 out of 5 stars,489
Grade Examination Drawing Made Easy,Missing,https://amazon.in/Grade-Examination-Drawing-Made-Easy/dp/8124312508/ref=zg_bs_g_1318052031_sccl_25/000-0000000-0000000?psc=1,Paperback,Missing,4.5 out of 5 stars,Subodh Narvekar
Autocar India September 2023,Missing,https://amazon.in/Autocar-India-Haymarket-SAC-Publishing/dp/B08RZ6THTS/ref=zg_bs_g_1318052031_sccl_26/000-0000000-0000000?psc=1,Paperback,Missing,4.6 out of 5 stars,Haymarket SAC Publishing
Zen Sangam Mandala Young Adults Colouring Book : Experts (Level 5),Missing,https://amazon.in/Sangam-Mandala-Young-Adults-Colouring/dp/B07VHS6FRC/ref=zg_bs_g_1318052031_sccl_27/000-0000000-0000000?psc=1,Spiral-bound,Missing,4.4 out of 5 stars,"1,498"
Fashion- Colouring Book for Adults,Missing,https://amazon.in/Fashion-Adult-Colouring-Peace-Relaxation/dp/9386671999/ref=zg_bs_g_1318052031_sccl_28/000-0000000-0000000?psc=1,Paperback,Missing,4.5 out of 5 stars,Dreamland Publications
Extreme Copy Colours For Adults - Mandala,Missing,https://amazon.in/Extreme-Copy-Colour-Dreamland-Publications/dp/9350897903/ref=zg_bs_g_1318052031_sccl_29/000-0000000-0000000?psc=1,Paperback,Missing,4.3 out of 5 stars,Dreamland Publications
Govt.Pharmacist Exam previous year Questions MCQ Book,Missing,https://amazon.in/Govt-Pharmacist-Exam-previous-year-Questions/dp/B07RG95S6C/ref=zg_bs_g_1318052031_sccl_30/000-0000000-0000000?psc=1,Unknown Binding,Missing,4.0 out of 5 stars,P.V.THORAT
Creative Confidence: Unleashing the Creative Potential Within Us All,Missing,https://amazon.in/Creative-Confidence-Unleashing-Potential-Within/dp/0007592515/ref=zg_bs_g_1318052031_sccl_1/000-0000000-0000000?psc=1,Paperback,Missing,4.5 out of 5 stars,Tom
Design As Art Bruno Munari,Bruno Munari,https://amazon.in/Design-Art-Penguin-Modern-Classics/dp/0141035811/ref=zg_bs_g_1318052031_sccl_2/000-0000000-0000000?psc=1,Paperback,Missing,4.4 out of 5 stars,"1,021"
"The Complete MAUS [Paperback] Spiegelman, Art",Art Spiegelman,https://amazon.in/Complete-MAUS-Art-Spiegelman/dp/0141014083/ref=zg_bs_g_1318052031_sccl_3/000-0000000-0000000?psc=1,Paperback,Missing,4.8 out of 5 stars,"10,595"
"Palestine [Paperback] Sacco, Joe",Joe Sacco,https://amazon.in/Palestine-Joe-Sacco/dp/0224069829/ref=zg_bs_g_1318052031_sccl_4/000-0000000-0000000?psc=1,Paperback,Missing,4.7 out of 5 stars,543
LPMC : Create Dangerously (Penguin Modern),Missing,https://amazon.in/Create-Dangerously-Penguin-Modern-Albert/dp/024133912X/ref=zg_bs_g_1318052031_sccl_5/000-0000000-0000000?psc=1,Paperback,Missing,4.6 out of 5 stars,Albert Camus
The People of the Indus,Missing,https://amazon.in/People-Indus-Jonathan-Mark-Kenoyer/dp/014345532X/ref=zg_bs_g_1318052031_sccl_6/000-0000000-0000000?psc=1,Hardcover,Missing,4.4 out of 5 stars,Nikhil Gulati
The Black Island (Tintin),Herge,https://amazon.in/Black-Island-Tintin-Herge/dp/1405206187/ref=zg_bs_g_1318052031_sccl_7/000-0000000-0000000?psc=1,Paperback,Missing,4.7 out of 5 stars,"1,376"
30 Days Challenge of Lettering and Modern Calligraphy : Learn hand lettering and brush lettering in 30 days - Caligraphy books for beginners,Penciol Press,https://amazon.in/Days-Challenge-Lettering-Modern-Calligraphy/dp/B09M79GHRF/ref=zg_bs_g_1318052031_sccl_8/000-0000000-0000000?psc=1,Paperback,Missing,3.9 out of 5 stars,117
Anatomy & Drawing,Missing,https://amazon.in/Anatomy-Drawing-Victor-Perard/dp/8190089005/ref=zg_bs_g_1318052031_sccl_9/000-0000000-0000000?psc=1,Paperback,Missing,4.4 out of 5 stars,Victor Perard
"Doodle Colouring Book for Kids - Motivational Quotes - Age 4-99 - Gift to children for painting, drawing and colouring",Missing,https://amazon.in/Doodle-Colouring-Book-Kids-Motivational/dp/9394668349/ref=zg_bs_g_1318052031_sccl_10/000-0000000-0000000?psc=1,Paperback,Missing,3.9 out of 5 stars,Maple Press
The Interior Design Reference & Specification Book updated & revised: Everything Interior Designers Need to Know Every Day,Chris Grimley,https://amazon.in/Interior-Reference-Specification-updated-revised/dp/1631593803/ref=zg_bs_g_1318052031_sccl_11/000-0000000-0000000?psc=1,Paperback,Missing,4.6 out of 5 stars,"1,145"
How to Build a Car: The Autobiography of the World’s Greatest Formula 1 Designer: The Autobiography of the World’s Greatest Formula 1 Designer,Adrian Newey,https://amazon.in/How-Build-Car-Autobiography-Greatest/dp/000819680X/ref=zg_bs_g_1318052031_sccl_12/000-0000000-0000000?psc=1,Hardcover,Missing,4.7 out of 5 stars,"6,512"
"The Science of Storytelling: Why Stories Make Us Human, and How to Tell Them Better",Will Storr,https://amazon.in/Science-Storytelling-Will-Storr/dp/0008276978/ref=zg_bs_g_1318052031_sccl_13/000-0000000-0000000?psc=1,Paperback,Missing,4.5 out of 5 stars,"1,607"
Vishvakarma Prakash ( Vastu Sastram ),Maharishi Abhay Katayayn,https://amazon.in/Vishvakarma-Prakash-Sastram-Maharishi-Katayayn/dp/938244372X/ref=zg_bs_g_1318052031_sccl_14/000-0000000-0000000?psc=1,Hardcover,Missing,4.2 out of 5 stars,239
Dance Gestures - Mirror of Expressions Sanskrit - English Tna,Missing,https://amazon.in/Dance-Gestures-Expressions-Sanskrit-English/dp/8179504018/ref=zg_bs_g_1318052031_sccl_15/000-0000000-0000000?psc=1,Paperback,Missing,4.7 out of 5 stars, P. Ramachandrasekhar Tna
The Crab with Golden Claws (Tintin),Herge,https://amazon.in/Crab-Golden-Claws-Tintin/dp/1405206209/ref=zg_bs_g_1318052031_sccl_16/000-0000000-0000000?psc=1,Paperback,Missing,4.8 out of 5 stars,686
Empire Building: The Construction of British India: 1690–1860,Rosie Llewellyn-Jones,https://amazon.in/Empire-Building-Construction-British-1690-1860/dp/0670099686/ref=zg_bs_g_1318052031_sccl_17/000-0000000-0000000?psc=1,Hardcover,Missing,4.5 out of 5 stars,6
Rays Of Ink Mandala Coloring Book For Young Adults | Enhances Fine Motor Skills & Keeps You Engaged | 120 GSM Thick Paper,Missing,https://amazon.in/Mandala-Coloring-Adults-Enhances-Engaged/dp/B09C4W9ZK1/ref=zg_bs_g_1318052031_sccl_18/000-0000000-0000000?psc=1,Spiral-bound,Missing,4.5 out of 5 stars,Rays Of Ink
Six String Entertainment Pvt Ltd Blank Music manuscript book- 12 Stave : 32 pages (16 sheets),Missing,https://amazon.in/Music-manuscript-book-12-Stave/dp/B08CSWMZ13/ref=zg_bs_g_1318052031_sccl_19/000-0000000-0000000?psc=1,Paperback,Missing,4.3 out of 5 stars,SIX STRING MUSIC
The Seven Crystal Balls (Tintin),Herge,https://amazon.in/Seven-Crystal-Balls-Tintin/dp/1405206241/ref=zg_bs_g_1318052031_sccl_20/000-0000000-0000000?psc=1,Paperback,Missing,4.8 out of 5 stars,661
TUESDAYS WITH MORRIE (EXPORT) (A FORMAT),Mitch Albom,https://amazon.in/TUESDAYS-MORRIE-EXPORT-FORMAT-Mitch/dp/0751527378/ref=zg_bs_g_1318064031_sccl_1/000-0000000-0000000?psc=1,Paperback,Missing,4.6 out of 5 stars,"23,362"
Man's Search For Meaning: The classic tribute to hope from the Holocaust,Missing,https://amazon.in/Mans-Search-Meaning-Viktor-Frankl/dp/1846041244/ref=zg_bs_g_1318064031_sccl_2/000-0000000-0000000?psc=1,Paperback,Missing,4.5 out of 5 stars,Victor E. Frankl
Autobiography of a Yogi (Complete Original Edition),Paramahansa Yogananda,https://amazon.in/Autobiography-Yogi-Complete-Free-CD/dp/818953551X/ref=zg_bs_g_1318064031_sccl_3/000-0000000-0000000?psc=1,Paperback,Missing,4.6 out of 5 stars,"9,499"
THINK AND GROW RICH (PB),Napoleon Hill,https://amazon.in/Think-Grow-Rich-Napoleon-Hill/dp/9353338158/ref=zg_bs_g_1318064031_sccl_4/000-0000000-0000000?psc=1,Paperback,Missing,4.4 out of 5 stars,"72,733"
Elon Musk,Walter Isaacson,https://amazon.in/Elon-Musk-Walter-Isaacson/dp/1398527491/ref=zg_bs_g_1318064031_sccl_5/000-0000000-0000000?psc=1,Hardcover,Missing,4.7 out of 5 stars,"2,362"
THE POWER OF YOUR SUBCONSCIOUS MIND,Joseph Murphy,https://amazon.in/POWER-YOUR-SUBCONSCIOUS-MIND/dp/935333845X/ref=zg_bs_g_1318064031_sccl_6/000-0000000-0000000?psc=1,Paperback,Missing,4.5 out of 5 stars,"78,061"
Autobiography of A Yogi (Hindi),Missing,https://amazon.in/Autobiography-Yogi-HINDI-Paramahansa-Yogananda/dp/9389432472/ref=zg_bs_g_1318064031_sccl_7/000-0000000-0000000?psc=1,Paperback,Missing,4.6 out of 5 stars,Paramahansa Yogananda
AUTOBIOGRAPHY OF A YOGI,Paramahansa Yogananda,https://amazon.in/Autobiography-Yogi-Paramahansa-Yogananda/dp/8129145367/ref=zg_bs_g_1318064031_sccl_8/000-0000000-0000000?psc=1,Paperback,Missing,4.6 out of 5 stars,"10,588"
Wise and Otherwise: A salute to Life [Paperback] Sudha Murty,Missing,https://amazon.in/Wise-Otherwise-salute-Sudha-Murty/dp/0143062220/ref=zg_bs_g_1318064031_sccl_9/000-0000000-0000000?psc=1,Paperback,Missing,4.6 out of 5 stars,Murty Sudha
"Autobiography of a Yogi (योगी कथामृत हिंदी) Yogi Kathaamrit Hindi, Yogi Paramahansa Yogananda परमहंस योगानंद आत्मकथा, (Atmakatha/kathamrit/kathamrita ... Hindi) (get a bonus Law of Success booklet)",Missing,https://amazon.in/Autobiography-Kathaamrit-Paramahansa-Yogananda-kathamrita/dp/B093HBVKKX/ref=zg_bs_g_1318064031_sccl_10/000-0000000-0000000?psc=1,Paperback,Missing,4.7 out of 5 stars,980
Why I Killed Gandhi?,Missing,https://amazon.in/Why-Killed-Gandhi-Nathuram-Godse/dp/9355715927/ref=zg_bs_g_1318064031_sccl_11/000-0000000-0000000?psc=1,Paperback,Missing,4.1 out of 5 stars,Nathuram Godse
"Three Thousand Stitches: Ordinary People, Extraordinary Lives [Paperback] Murty, Sudha",Missing,https://amazon.in/Three-Thousand-Stitches-Ordinary-Extraordinary/dp/0143440055/ref=zg_bs_g_1318064031_sccl_12/000-0000000-0000000?psc=1,Paperback,Missing,4.6 out of 5 stars,Murty Sudha
Autobiography of A Yogi PB,Paramahansa Yogananda,https://amazon.in/Autobiography-Yogi-Paramahansa-Yogananda/dp/8172345364/ref=zg_bs_g_1318064031_sccl_13/000-0000000-0000000?psc=1,Paperback,Missing,4.6 out of 5 stars,"10,588"
An Autobiography : The Story Of My Experiments With Truth,Missing,https://amazon.in/Mahatma-Gandhi-Autobiography-Story-Experiments/dp/8172343116/ref=zg_bs_g_1318064031_sccl_14/000-0000000-0000000?psc=1,Paperback,Missing,4.5 out of 5 stars,Mahatma Gandhi
Autobiography of a Yogi in Hindi | Yogi Kathamrit | Ek Yogi Ki Atmakatha | Paramahansa Yogananda Hindi | Yogi Book,Paramahansa Yogananda,https://amazon.in/Autobiography-of-a-Yogi/dp/B09C745BCM/ref=zg_bs_g_1318064031_sccl_15/000-0000000-0000000?psc=1,Paperback,Missing,4.7 out of 5 stars,171
The Diary Of A Young Girl -FINGERPRINT,Anne Frank,https://amazon.in/Diary-Young-Girl-Anne-Frank/dp/8172345194/ref=zg_bs_g_1318064031_sccl_16/000-0000000-0000000?psc=1,Paperback,Missing,4.5 out of 5 stars,"43,035"
WINGS OF FIRE: AUTOBIOGRAPHY OF ABDUL KALAM,Missing,https://amazon.in/WINGS-FIRE-AUTOBIOGRAPHY-ABDUL-KALAM/dp/8173711461/ref=zg_bs_g_1318064031_sccl_17/000-0000000-0000000?psc=1,Hardcover,Missing,4.6 out of 5 stars,Arun Tiwari
HereThere and Everywhere : Best-Loved,Missing,https://amazon.in/Here-There-Everywhere-Best-Loved-Stories/dp/0143444344/ref=zg_bs_g_1318064031_sccl_18/000-0000000-0000000?psc=1,Paperback,Missing,4.7 out of 5 stars,Murty Sudha
Why I am an Atheist and Other Works,Bhagat Singh,https://amazon.in/Atheist-Other-Works-Bhagat-Singh/dp/9387022811/ref=zg_bs_g_1318064031_sccl_19/000-0000000-0000000?psc=1,Paperback,Missing,4.6 out of 5 stars,"6,463"
Make You Bed,Admiral William H. McRaven,https://amazon.in/Make-Your-Bed-William-McRaven/dp/0718188861/ref=zg_bs_g_1318064031_sccl_20/000-0000000-0000000?psc=1,Hardcover,Missing,4.5 out of 5 stars,"20,006"
My Inventions Autobiography of Nikola Tesla,Nikola Tesla,https://amazon.in/My-Inventions-Autobiography-Nikola-Tesla/dp/9354401473/ref=zg_bs_g_1318064031_sccl_21/000-0000000-0000000?psc=1,Paperback,Missing,4.5 out of 5 stars,"4,832"
Indias Struggle for Independence: 1857-1947 [Paperback] Bipan Chandra,Bipan Chandra,https://amazon.in/Indias-Struggle-Independence-Bipan-Chandra/dp/0140107819/ref=zg_bs_g_1318064031_sccl_22/000-0000000-0000000?psc=1,Paperback,Missing,4.5 out of 5 stars,"8,396"
Introducing Buddha: A Graphic Guide (Graphic Guides),Borin Van Loon,https://amazon.in/Introducing-Buddha-Graphic-Guide-ebook/dp/B00KFEJNY0/ref=zg_bs_g_1318064031_sccl_23/000-0000000-0000000?psc=1,Kindle Edition,Missing,4.0 out of 5 stars,356
Doglapan: The Hard Truth about Life and Start-Ups,Ashneer Grover,https://amazon.in/Doglapan-Hard-Truth-about-Start-Ups/dp/067009711X/ref=zg_bs_g_1318064031_sccl_24/000-0000000-0000000?psc=1,Hardcover,Missing,4.3 out of 5 stars,"2,837"
Autobiography of A Yogi (Hardcover),Paramahansa Yogananda,https://amazon.in/Autobiography-Yogi-Complete-Paramahansa-Yogananda/dp/8190256203/ref=zg_bs_g_1318064031_sccl_25/000-0000000-0000000?psc=1,Hardcover,Missing,4.6 out of 5 stars,"9,499"
Autobiography of a Yogi,Paramahansa Yogananda,https://amazon.in/Autobiography-Yogi-Paramahansa-Yogananda/dp/9390600901/ref=zg_bs_g_1318064031_sccl_26/000-0000000-0000000?psc=1,Paperback,Missing,4.6 out of 5 stars,"10,588"
IGNITED MINDS,A P J  Abdul Kalam,https://amazon.in/IGNITED-MINDS-P-Abdul-Kalam/dp/0143424122/ref=zg_bs_g_1318064031_sccl_27/000-0000000-0000000?psc=1,Paperback,Missing,4.6 out of 5 stars,"4,393"
World's Greatest Leaders,Wonder House Books,https://amazon.in/Worlds-Greatest-Leaders-Inspirational-Personalities/dp/9388369041/ref=zg_bs_g_1318064031_sccl_28/000-0000000-0000000?psc=1,Paperback,Missing,4.3 out of 5 stars,"3,041"
"STEVE JOBS (PB): THE EXCLUSIVE BIOGRAPHY [Paperback] Isaacson, Walter",Walter Isaacson,https://amazon.in/STEVE-JOBS-EXCLUSIVE-BIOGRAPHY-Paperback/dp/034914043X/ref=zg_bs_g_1318064031_sccl_29/000-0000000-0000000?psc=1,Paperback,Missing,4.7 out of 5 stars,"20,803"
The Story Of My Experiments With Truth Mahatma Gandhi An Autobiography Hindi,Missing,https://amazon.in/Story-Experiments-Mahatma-Gandhi-Autobiography/dp/9390183502/ref=zg_bs_g_1318064031_sccl_30/000-0000000-0000000?psc=1,Paperback,Missing,4.4 out of 5 stars,Mahatma Gandhi
Mother I Never Knew The,Missing,https://amazon.in/Mother-Never-Knew-Two-Novellas/dp/0143422251/ref=zg_bs_g_1318064031_sccl_1/000-0000000-0000000?psc=1,Paperback,Missing,4.5 out of 5 stars,Murty Sudha
AUTOBIOGRAPHY OF A YOGI (HB),Missing,https://amazon.in/AUTOBIOGRAPHY-YOGI-HB-YOGANANDA/dp/B01BITKOXY/ref=zg_bs_g_1318064031_sccl_2/000-0000000-0000000?psc=1,Paperback,Missing,4.7 out of 5 stars,YOGANANDA
Balidan : Stories of India's Greatest Para Special Forces Operatives,Swapnil Pandey,https://amazon.in/Balidan-Stories-Greatest-Special-Operatives/dp/9356993556/ref=zg_bs_g_1318064031_sccl_3/000-0000000-0000000?psc=1,Paperback,Missing,4.7 out of 5 stars,241
Ambedkar's India,Missing,https://amazon.in/Ambedkars-India-B-R-Ambedkar/dp/9387022897/ref=zg_bs_g_1318064031_sccl_4/000-0000000-0000000?psc=1,Paperback,Missing,4.6 out of 5 stars,B.R.Ambedkar
THE GOPI DIARIES BOXSET: set of 3 books,Missing,https://amazon.in/GOPI-DIARIES-BOXSET-Sudha-Murty/dp/9356295522/ref=zg_bs_g_1318064031_sccl_5/000-0000000-0000000?psc=1,Hardcover,Missing,4.7 out of 5 stars,Sudha Murty
Shoe Dog,Phil Knight,https://amazon.in/Shoe-Dog-Memoir-Creator-NIKE/dp/1471146723/ref=zg_bs_g_1318064031_sccl_6/000-0000000-0000000?psc=1,Paperback,Missing,4.6 out of 5 stars,"57,032"
Mossad [Paperback] Michael Bar-Zohar and Nissim Mishal [Paperback] Michael Bar-Zohar & Nissim Mishal,Missing,https://amazon.in/Mossad-Michael-Bar-Zohar/dp/8184958455/ref=zg_bs_g_1318064031_sccl_7/000-0000000-0000000?psc=1,Paperback,Missing,4.5 out of 5 stars,Michael Bar-Zohar & Nissim Mishal
"Aleph Book The Less You Preach, The More You Learn Aphorisms for Our Age",Shashi Tharoor,https://amazon.in/Aleph-Book-Preach-Learn-Aphorisms/dp/9395853905/ref=zg_bs_g_1318064031_sccl_8/000-0000000-0000000?psc=1,Hardcover,Missing,5.0 out of 5 stars,2
Autobiography of a Yogi (Marathi),Paramahansa Yogananda,https://amazon.in/Autobiography-Yogi-Marathi-Paramahansa-Yogananda/dp/8190256254/ref=zg_bs_g_1318064031_sccl_9/000-0000000-0000000?psc=1,Paperback,Missing,4.7 out of 5 stars,924
How Prime Ministers Decide,Neerja Chowdhury,https://amazon.in/Prime-Ministers-Decide-Neerja-Chowdhury/dp/9390652456/ref=zg_bs_g_1318064031_sccl_10/000-0000000-0000000?psc=1,Hardcover,Missing,4.4 out of 5 stars,142
When Breath Becomes Air,Paul Kalanithi,https://amazon.in/When-Breath-Becomes-Paul-Kalanithi/dp/1847923674/ref=zg_bs_g_1318064031_sccl_11/000-0000000-0000000?psc=1,Board book,Missing,4.6 out of 5 stars,"98,304"
GOING VIRAL MAKING OF COVAXIN: THE INSIDE STORY,Missing,https://amazon.in/GOING-VIRAL-MAKING-COVAXIN-INSIDE/dp/9355200226/ref=zg_bs_g_1318064031_sccl_12/000-0000000-0000000?psc=1,Paperback,Missing,4.5 out of 5 stars,Balram Bhargava
Kitne Ghazi Aye Kitne Ghazi Gaye: A Memoir: A True Life Account of Bravery And Sacrifice of An Army Soldier Who Served India For More Than 40 Years,Missing,https://amazon.in/Kitne-Ghazi-Aye-Gaye-Sacrifice/dp/0670097055/ref=zg_bs_g_1318064031_sccl_13/000-0000000-0000000?psc=1,Hardcover,Missing,4.8 out of 5 stars,Lt Gen KJS 'Tiny' Dhillon
THE GOPI DIARIES: GROWING UP,Missing,https://amazon.in/GOPI-DIARIES-GROWING-UP/dp/9356295506/ref=zg_bs_g_1318064031_sccl_14/000-0000000-0000000?psc=1,Hardcover,Missing,4.7 out of 5 stars,Sudha Murty
Autobiography of a Yogi,Missing,https://amazon.in/Autobiography-of-a-Yogi/dp/B079P54C5J/ref=zg_bs_g_1318064031_sccl_15/000-0000000-0000000?psc=1,Audible Audiobook,Missing,4.6 out of 5 stars,Paramahansa Yogananda
"MANY LIVES, MANY MASTERS [Paperback] Weiss, Brian",Missing,https://amazon.in/MANY-LIVES-MASTERS-BRIAN-WEISS/dp/0749913789/ref=zg_bs_g_1318064031_sccl_16/000-0000000-0000000?psc=1,Paperback,Missing,4.6 out of 5 stars,DR BRIAN WEISS
The Almanack of Naval Ravikant: A Guide to Wealth and Happiness,Missing,https://amazon.in/Almanack-Naval-Ravikant-Wealth-Happiness/dp/B08XN477C3/ref=zg_bs_g_1318064031_sccl_17/000-0000000-0000000?psc=1,Audible Audiobook,Missing,4.6 out of 5 stars,Eric Jorgenson
Brief History Of Time,Stephen Hawking,https://amazon.in/Brief-History-Time-Black-Holes/dp/0553175211/ref=zg_bs_g_1318064031_sccl_18/000-0000000-0000000?psc=1,Paperback,Missing,4.6 out of 5 stars,"14,166"
We Also Make Policy : An Insider's Account of How the Finance Ministry Functions,Missing,https://amazon.in/We-Also-Make-Policy-Functions/dp/9356994714/ref=zg_bs_g_1318064031_sccl_19/000-0000000-0000000?psc=1,Hardcover,Missing,5.0 out of 5 stars,Subhash Chandra Garg
"The Murderer, The Monarch and The Fakir: A New Investigation of Mahatma Gandhi's Assassination",Missing,https://amazon.in/Murderer-Monarch-Fakir-Investigation-Assassination/dp/9354890539/ref=zg_bs_g_1318064031_sccl_20/000-0000000-0000000?psc=1,Paperback,Missing,4.3 out of 5 stars,Appu Esthose Suresh
The Psychology Of Money,Morgan Housel,https://amazon.in/Psychology-Money-Morgan-Housel/dp/9390166268/ref=zg_bs_g_1318068031_sccl_1/000-0000000-0000000?psc=1,Paperback,Missing,4.6 out of 5 stars,"54,839"
Rich Dad Poor Dad: 25th Anniversary Edit,Robert T. Kiyosaki,https://amazon.in/Rich-Dad-Poor-Middle-Anniversary/dp/1612681131/ref=zg_bs_g_1318068031_sccl_2/000-0000000-0000000?psc=1,Paperback,Missing,4.5 out of 5 stars,"25,868"
The 7 Habits of Highly Effective People: Infographics Edition: Powerful Lessons in Personal Change,Stephen R. Covey,https://amazon.in/Habits-Highly-Effective-People-Powerful-ebook/dp/B01069X4H0/ref=zg_bs_g_1318068031_sccl_3/000-0000000-0000000?psc=1,Kindle Edition,Missing,4.5 out of 5 stars,"18,146"
World's Greatest Pack for Personal Growth and Wealth (Set of 4 Books),Missing,https://amazon.in/Worlds-Greatest-Personal-Growth-Wealth/dp/9389432014/ref=zg_bs_g_1318068031_sccl_4/000-0000000-0000000?psc=1,Paperback,Missing,4.5 out of 5 stars,Dale Carnegie
Think and Grow Rich THE 21st CENTURY EDITION,Napoleon Hill,https://amazon.in/Think-Grow-Rich-21st-CENTURY/dp/9389931525/ref=zg_bs_g_1318068031_sccl_5/000-0000000-0000000?psc=1,Paperback,Missing,4.5 out of 5 stars,"4,910"
The Power of Your Subconscious Mind,Joseph Murphy,https://amazon.in/Power-Your-Subconscious-Mind-Success/dp/8172345666/ref=zg_bs_g_1318068031_sccl_6/000-0000000-0000000?psc=1,Paperback,Missing,4.5 out of 5 stars,"78,061"
Think And Grow Rich - Hindi,Napoleon Hill,https://amazon.in/Think-Grow-Rich-Hindi-Napoleon/dp/8175993561/ref=zg_bs_g_1318068031_sccl_7/000-0000000-0000000?psc=1,Paperback,Missing,4.4 out of 5 stars,"9,763"
The Power of A Positive Attitude: Your Road To Success,Roger Fritz,https://amazon.in/Power-Positive-Attitude-Your-Success/dp/9389432642/ref=zg_bs_g_1318068031_sccl_8/000-0000000-0000000?psc=1,Paperback,Missing,4.4 out of 5 stars,"3,988"
THINK AND GROW RICH (PB),Napoleon Hill,https://amazon.in/Think-Grow-Rich-Napoleon-Hill/dp/9353338158/ref=zg_bs_g_1318068031_sccl_9/000-0000000-0000000?psc=1,Paperback,Missing,4.4 out of 5 stars,"72,733"
As a Man Thinketh,James Allen,https://amazon.in/As-Man-Thinketh-James-Allen/dp/9386538172/ref=zg_bs_g_1318068031_sccl_10/000-0000000-0000000?psc=1,Paperback,Missing,4.4 out of 5 stars,"11,787"
The 5 Am Club,Robin Sharma,https://amazon.in/AM-Club-Your-Morning-Elevate/dp/9387944891/ref=zg_bs_g_1318068031_sccl_11/000-0000000-0000000?psc=1,Paperback,Missing,4.5 out of 5 stars,"30,037"
"The Psychology of Money: Timeless Lessons on Wealth, Greed, and Happiness",Missing,https://amazon.in/Psychology-Money-Timeless-Lessons-Happiness/dp/B08D9VV926/ref=zg_bs_g_1318068031_sccl_12/000-0000000-0000000?psc=1,Audible Audiobook,Missing,4.6 out of 5 stars,Morgan Housel
Master Your Emotions: A Practical Guide to Overcome Negativity and Better Manage Your Feelings (Mastery Series Book 1),Missing,https://amazon.in/Master-Your-Emotions-Practical-Negativity-ebook/dp/B07CX8H6YH/ref=zg_bs_g_1318068031_sccl_13/000-0000000-0000000?psc=1,Kindle Edition,Missing,4.5 out of 5 stars,thibaut  meurisse
"Deep Work: Rules for Focused Success in a Distracted World [Paperback] Newport, Cal",Cal Newport,https://amazon.in/Deep-Work-Focused-Success-Distracted/dp/0349413681/ref=zg_bs_g_1318068031_sccl_14/000-0000000-0000000?psc=1,Paperback,Missing,4.5 out of 5 stars,"26,894"
The Richest Man In Babylon - Fingerprint!,George S. Clason,https://amazon.in/Richest-Man-Babylon-George-Clason/dp/9388144317/ref=zg_bs_g_1318068031_sccl_15/000-0000000-0000000?psc=1,Paperback,Missing,4.5 out of 5 stars,"43,264"
The Almanack Of Naval Ravikant: A Guide to Wealth and Happiness,Eric Jorgenson,https://amazon.in/Almanack-Naval-Ravikant-Wealth-Happiness/dp/9354893899/ref=zg_bs_g_1318068031_sccl_16/000-0000000-0000000?psc=1,Paperback,Missing,4.6 out of 5 stars,"15,783"
Aapke Avchetan Man Ki Shakti(Hindi Translation of The Power of Your Subconscious Mind),Joseph Murphy,https://amazon.in/Avchetan-Shakti-Power-Subconscious-Hindi/dp/8175993669/ref=zg_bs_g_1318068031_sccl_17/000-0000000-0000000?psc=1,Paperback,Missing,4.4 out of 5 stars,"13,540"
"Thinking, Fast & Slow (L)",Daniel Kahneman,https://amazon.in/Thinking-Fast-Penguin-Press-Non-Fiction/dp/0141033576/ref=zg_bs_g_1318068031_sccl_18/000-0000000-0000000?psc=1,Paperback,Missing,4.5 out of 5 stars,"28,058"
What I Learned About Investing from Darw,Pulak Prasad,https://amazon.in/What-Learned-About-Investing-Darw/dp/0231213506/ref=zg_bs_g_1318068031_sccl_19/000-0000000-0000000?psc=1,Hardcover,Missing,4.6 out of 5 stars,366
Money Making Skills by Warren Buffet: Money Making Skills by Warren Buffet: A Guide to Building Wealth (Warren Buffett Investment Strategy Book),Prabhat Prakashan,https://amazon.in/Making-Skills-Buffett-Investment-Strategy-ebook/dp/B08D5XD8R9/ref=zg_bs_g_1318068031_sccl_20/000-0000000-0000000?psc=1,Kindle Edition,Missing,4.0 out of 5 stars,262
"Dhan Sampatti Ka Manovigyan (The Psychology Of Money) [Paperback] Housel, Morgan and Asma",Morgan Housel,https://amazon.in/Dhan-Sampatti-Manovigyan-Psychology-Money/dp/9390166845/ref=zg_bs_g_1318068031_sccl_21/000-0000000-0000000?psc=1,Paperback,Missing,4.3 out of 5 stars,"2,841"
THE CONCISE 48 LAWS OF POWER,Robert Greene,https://amazon.in/CONCISE-48-LAWS-POWER/dp/1861974043/ref=zg_bs_g_1318068031_sccl_22/000-0000000-0000000?psc=1,Paperback,Missing,4.4 out of 5 stars,"5,488"
The Intelligent Investor (English) Paperback – 2013,Benjamin Graham,https://amazon.in/Intelligent-Investor-English-Paperback-2013/dp/0062312685/ref=zg_bs_g_1318068031_sccl_23/000-0000000-0000000?psc=1,Paperback,Missing,4.5 out of 5 stars,"38,474"
Janalakal,Missing,https://amazon.in/Janalakal-Anish-Mohan/dp/9359133329/ref=zg_bs_g_1318068031_sccl_24/000-0000000-0000000?psc=1,Paperback,Missing,4.6 out of 5 stars,Anish Mohan
How to Make Money With Breakout Trading: A Simple Stock Market Book for Beginners - The Secret of becoming Intelligent Investor - Price Action Trading through subconscious mind and the Power of Now,Indrazith  Shantharaj,https://amazon.in/How-Make-Money-Breakout-Trading-ebook/dp/B08F1T9H9T/ref=zg_bs_g_1318068031_sccl_25/000-0000000-0000000?psc=1,Kindle Edition,Missing,4.3 out of 5 stars,"2,671"
How to Make Money With Breakout Trading: A Simple Stock Market Book for Beginners - The Secret of becoming Intelligent Investor - Price Action Trading through subconscious mind and the Power of Now,Indrazith Shantharaj,https://amazon.in/Make-Money-through-Breakout-Trading/dp/9355430558/ref=zg_bs_g_1318068031_sccl_26/000-0000000-0000000?psc=1,Paperback,Missing,4.3 out of 5 stars,"2,671"
How to Talk to Anyone: 92 Little Tricks for Big Success in Relationships,Missing,https://amazon.in/How-Talk-Anyone-Success-Relationships/dp/B079TJV5ZP/ref=zg_bs_g_1318068031_sccl_27/000-0000000-0000000?psc=1,Audible Audiobook,Missing,4.4 out of 5 stars,Leil Lowndes
Eat That Frog!: 21 Great Ways to Stop Procrastinating and Get More Done in Less Time [Paperback] Brian Tracy,Missing,https://amazon.in/Eat-That-Frog-Great-Procrastinating/dp/152309513X/ref=zg_bs_g_1318068031_sccl_28/000-0000000-0000000?psc=1,Paperback,Missing,4.6 out of 5 stars,TRACY BRIAN
THE RICHEST MAN IN BABYLON (PB),George S. Clason,https://amazon.in/RICHEST-MAN-BABYLON-George-Clason/dp/9355200552/ref=zg_bs_g_1318068031_sccl_29/000-0000000-0000000?psc=1,Paperback,Missing,4.5 out of 5 stars,"43,264"
Technical Analysis Aur Candlestick Ki Pehchan - Guide To Technical Analysis & Candlesticks Hindi,Missing,https://amazon.in/Technical-Analysis-Aur-Candlestick-Pehchan/dp/B00OZUHBZI/ref=zg_bs_g_1318068031_sccl_30/000-0000000-0000000?psc=1,Paperback,Missing,3.8 out of 5 stars,Ravi Patel
Win Your Inner Battles,Darius Foroux,https://amazon.in/Your-Inner-Battles-Darius-Foroux/dp/0143452207/ref=zg_bs_g_1318068031_sccl_1/000-0000000-0000000?psc=1,Paperback,Missing,4.5 out of 5 stars,"2,537"
"Communication Book, The",Mikael Krogerus,https://amazon.in/Communication-Book-Mikael-Krogerus/dp/0241982286/ref=zg_bs_g_1318068031_sccl_2/000-0000000-0000000?psc=1,Hardcover,Missing,4.2 out of 5 stars,791
"The Subtle Art of Intraday Trading: A Handbook on How to Bank on Trading Psychology, Options Strategies and Make a Living out of Indian Stock Market even as Beginners",Indrazith Shantharaj,https://amazon.in/Subtle-Art-Intraday-Trading-Psychology-ebook/dp/B09JWPHHC8/ref=zg_bs_g_1318068031_sccl_3/000-0000000-0000000?psc=1,Kindle Edition,Missing,4.3 out of 5 stars,"1,080"
Never Split the Difference : Negotiating as if Your Life Depended on It,Chris Voss,https://amazon.in/Never-Split-Difference-Negotiating-Depended/dp/1847941494/ref=zg_bs_g_1318068031_sccl_4/000-0000000-0000000?psc=1,Paperback,Missing,4.6 out of 5 stars,"39,403"
Coffee Can Investing: The Low-Risk Road,Missing,https://amazon.in/Coffee-Can-Investing-Stupendous-Wealth/dp/067009045X/ref=zg_bs_g_1318068031_sccl_5/000-0000000-0000000?psc=1,Hardcover,Missing,4.5 out of 5 stars,"Rakshit; Uni Mukherjea, Saurabh; Ranjan"
"Let's Talk Money: You've Worked Hard for It, Now Make It Work for You",Monika Halan,https://amazon.in/Lets-Talk-Money-Youve-Worked/dp/9352779398/ref=zg_bs_g_1318068031_sccl_6/000-0000000-0000000?psc=1,Paperback,Missing,4.5 out of 5 stars,"3,541"
The Daily Stoic,Missing,https://amazon.in/Daily-Stoic-Meditations-Perseverance-translations/dp/1781257655/ref=zg_bs_g_1318068031_sccl_7/000-0000000-0000000?psc=1,Paperback,Missing,4.7 out of 5 stars,Ryan Stephen Holiday Hanselman
The Making of a Value Investor : What a bear market taught me about investing,Missing,https://amazon.in/Making-Value-Investor-market-investing/dp/9356994285/ref=zg_bs_g_1318068031_sccl_8/000-0000000-0000000?psc=1,Paperback,Missing,Missing,Gautam Baid
Master Your Thinking: A Practical Guide to Align Yourself with Reality and Achieve Tangible Results in the Real World (Mastery Series Book 5),Thibaut Meurisse,https://amazon.in/Master-Your-Thinking-Practical-Yourself-ebook/dp/B0874WBM3D/ref=zg_bs_g_1318068031_sccl_9/000-0000000-0000000?psc=1,Kindle Edition,Missing,4.5 out of 5 stars,573
Influence : The Psychology of Persuasion (New and Expanded),Missing,https://amazon.in/Influence-Psychology-Persuasion-New-Expanded/dp/0063138808/ref=zg_bs_g_1318068031_sccl_10/000-0000000-0000000?psc=1,Paperback,Missing,4.6 out of 5 stars,PhD Robert B. Cialdini
Think & Grow Rich,Missing,https://amazon.in/Think-Grow-Rich-Napoleon-Hill/dp/817234564X/ref=zg_bs_g_1318068031_sccl_11/000-0000000-0000000?psc=1,Paperback,Missing,4.5 out of 5 stars,Napoleon Hill
One Up On Wall Street: How to Use What You Already Know to Make Money in the Market [Paperback] Lynch,Missing,https://amazon.in/One-Up-Wall-Street-Paperback/dp/0743200403/ref=zg_bs_g_1318068031_sccl_12/000-0000000-0000000?psc=1,Paperback,Missing,4.5 out of 5 stars,Lynch
Make You Bed,Admiral William H. McRaven,https://amazon.in/Make-Your-Bed-William-McRaven/dp/0718188861/ref=zg_bs_g_1318068031_sccl_13/000-0000000-0000000?psc=1,Hardcover,Missing,4.5 out of 5 stars,"20,006"
"The Psychology of Money – Deluxe Edition [Hardcover] Housel, Morgan",Morgan Housel,https://amazon.in/PSYCHOLOGY-MONEY-DELUXE-Morgan-Housel/dp/9390166934/ref=zg_bs_g_1318068031_sccl_14/000-0000000-0000000?psc=1,Hardcover,Missing,4.6 out of 5 stars,"54,839"
The Laws of Human Nature (Export TPB),Robert Greene,https://amazon.in/Laws-Human-Nature-Export-TPB/dp/1781259194/ref=zg_bs_g_1318068031_sccl_15/000-0000000-0000000?psc=1,Paperback,Missing,4.6 out of 5 stars,"9,199"
"Let's Talk Mutual Funds : A Systematic, Smart Way to Make Them Work for You",Monika Halan,https://amazon.in/Lets-Talk-Mutual-Funds-Systematic/dp/9356991464/ref=zg_bs_g_1318068031_sccl_16/000-0000000-0000000?psc=1,Paperback,Missing,4.6 out of 5 stars,200
The Intelligent Investor (Hindi),Benjamin Graham,https://amazon.in/Intelligent-Investor-Hindi-Benjamin-Graham/dp/9390924219/ref=zg_bs_g_1318068031_sccl_17/000-0000000-0000000?psc=1,Paperback,Missing,4.3 out of 5 stars,"1,416"
The Millionaire Fastlane: Crack the Code to Wealth and Live Rich for a Lifetime,MJ DeMarco,https://amazon.in/Millionaire-Fastlane-Crack-Wealth-Lifetime/dp/9390085497/ref=zg_bs_g_1318068031_sccl_18/000-0000000-0000000?psc=1,Paperback,Missing,4.6 out of 5 stars,"11,754"
7 Habits of Highly Effective People,Missing,https://amazon.in/Habits-Highly-Effective-People/dp/1471195708/ref=zg_bs_g_1318068031_sccl_19/000-0000000-0000000?psc=1,Paperback,Missing,4.5 out of 5 stars,STEPHEN R COVEY
"Who Moved My Cheese?: An Amazing Way to Deal with Change in Your Work and in Your Life [Paperback] Johnson, Dr Spencer",Missing,https://amazon.in/Who-Moved-My-Cheese-Amazing/dp/0091816971/ref=zg_bs_g_1318068031_sccl_20/000-0000000-0000000?psc=1,Paperback,Missing,4.6 out of 5 stars,Dr Spencer Johnson
My First Library: Boxset of 10 Board Books for Kids,Wonder House Books,https://amazon.in/My-First-Library-Boxset-Board/dp/9387779262/ref=zg_bs_g_64619755031_sccl_1/000-0000000-0000000?psc=1,Board book,Missing,4.5 out of 5 stars,"73,012"
Harry Potter and the Philosopher's Stone,J.K. Rowling,https://amazon.in/Harry-Potter-Philosophers-Stone-Rowling-ebook/dp/B019PIOJYU/ref=zg_bs_g_64619755031_sccl_2/000-0000000-0000000?psc=1,Kindle Edition,Missing,4.7 out of 5 stars,"101,506"
Brain Activity Book for Kids - 200+ Activities for Age 3+,Maple Press,https://amazon.in/Brain-Activity-Book-Kids-Activities/dp/9391924298/ref=zg_bs_g_64619755031_sccl_3/000-0000000-0000000?psc=1,Paperback,Missing,4.4 out of 5 stars,"4,394"
My First Book of Patterns Pencil Control: Practice Patterns (Pattern Writing),Wonder House Books,https://amazon.in/First-Book-Patterns-Pencil-Control/dp/9387779319/ref=zg_bs_g_64619755031_sccl_4/000-0000000-0000000?psc=1,Paperback,Missing,4.4 out of 5 stars,"25,791"
"Grandma's Bag of Stories: Collection of 20+ Illustrated short stories, traditional Indian folk tales for all ages for children of all ages by Sudha Murty [Paperback] Sudha Murty",Missing,https://amazon.in/Grandmas-Bag-Stories-Sudha-Murty/dp/0143333623/ref=zg_bs_g_64619755031_sccl_5/000-0000000-0000000?psc=1,Paperback,Missing,4.6 out of 5 stars,Murty Sudha
"My First Mythology Tale (Illustrated) (Set of 5 Books) - Mahabharata, Krishna, Hanuman, Ganesha, Ramayana - Story Book for Kids - English Short Stories with Colourful Pictures - Read Aloud to Infants, Toddlers",Maple Press,https://amazon.in/First-Mythology-Tale-Illustrated-Books/dp/9390292964/ref=zg_bs_g_64619755031_sccl_6/000-0000000-0000000?psc=1,Paperback,Missing,4.4 out of 5 stars,"7,749"
Colouring Books for Kids (Pack of 12 Books),Wonder House Books,https://amazon.in/Colouring-Books-Kids-Colour-Children/dp/9388369785/ref=zg_bs_g_64619755031_sccl_7/000-0000000-0000000?psc=1,Paperback,Missing,4.5 out of 5 stars,"3,855"
"Moral Story Books for Kids (Illustrated) - English Short Stories with Colourful Pictures - Bedtime Children Story Book - 3 Years to 6 Years Old Children - Read Aloud to Infants, Toddlers (Set of 10 Books)",Maple Press,https://amazon.in/Moral-Story-Books-Kids-Set/dp/9391129811/ref=zg_bs_g_64619755031_sccl_8/000-0000000-0000000?psc=1,Product Bundle,Missing,4.5 out of 5 stars,"1,784"
"Little Colouring Books for Kids (Set of 10 Books) - Gift to children for painting, drawing and colouring - Alphabets, Animals, Birds, Flags, Flowers, ... Transport, Vegetables - 3 to 6 years old [Paperback] Maple Press",Maple Press,https://amazon.in/Colouring-Books-Set-10/dp/9350332167/ref=zg_bs_g_64619755031_sccl_9/000-0000000-0000000?psc=1,Paperback,Missing,4.3 out of 5 stars,"3,204"
201 Brain Booster Activity Book Fun Activities and Exercises For Children Tracing and Pattern Colors and Shapes Maze,Wonder House Books,https://amazon.in/201-Brain-Booster-Activity-Book/dp/935440460X/ref=zg_bs_g_64619755031_sccl_10/000-0000000-0000000?psc=1,Paperback,Missing,4.5 out of 5 stars,230
"Sank Magic Practice Copybook, (4 BOOK + 10 REFILL+ 1 Pen +1 Grip) Number Tracing Book for Preschoolers with Pen, Magic Calligraphy Copybook Set Practical Reusable Writing Tool Simple Hand Lettering",Missing,https://amazon.in/Practice-Preschoolers-Calligraphy-Practical-Lettering/dp/9551753437/ref=zg_bs_g_64619755031_sccl_11/000-0000000-0000000?psc=1,Spiral-bound,Missing,3.9 out of 5 stars,Sank Magic
Animal Stories for Panchtantra 84 pp English 8x8 Book 1,Wonder House Books,https://amazon.in/Animals-Tales-Panchtantra-Timeless-Children/dp/9389178118/ref=zg_bs_g_64619755031_sccl_12/000-0000000-0000000?psc=1,Hardcover,Missing,4.5 out of 5 stars,"4,755"
"My First 1000 Words : Early Learning Picture Book to learn Alphabet, Numbers, Shapes and Colours, Tr",Wonder House Books,https://amazon.in/First-1000-Words-Transport-Professions/dp/9388144112/ref=zg_bs_g_64619755031_sccl_13/000-0000000-0000000?psc=1,Paperback,Missing,4.5 out of 5 stars,"7,958"
"All Time Favourites for Children: Classic Collection of 25+ most-loved, great stories by famous award-winning author (Illustrated, must-read fiction short stories for kids)",Ruskin Bond,https://amazon.in/All-Time-Favourites-Children-award-winning-Illustrated/dp/0143451936/ref=zg_bs_g_64619755031_sccl_14/000-0000000-0000000?psc=1,Paperback,Missing,4.6 out of 5 stars,"1,834"
Shlokas and Mantras Activity Book For Kids Illustrated Book With Engaging Activities and Sticker Sheets,Wonder House Books,https://amazon.in/Shlokas-Mantras-Activity-Illustrated-Activities/dp/935440524X/ref=zg_bs_g_64619755031_sccl_15/000-0000000-0000000?psc=1,Hardcover,Missing,4.7 out of 5 stars,305
1800+ Reward Stickers Ideal For Teachers And Parents Sticker Book With Over 1800 Stickers to Boost The Morale of Kids,Wonder House Books,https://amazon.in/1800-Reward-Stickers-Teachers-Parents/dp/9388810740/ref=zg_bs_g_64619755031_sccl_16/000-0000000-0000000?psc=1,Paperback,Missing,4.5 out of 5 stars,"1,523"
"Percy Jackson and the Olympians: The Chalice of the Gods: (A BRAND NEW PERCY JACKSON ADVENTURE) (Percy Jackson, 6) (Percy Jackson and The Olympians, 6)",Rick Riordan,https://amazon.in/Percy-Jackson-Olympians-Chalice-ADVENTURE/dp/0241647568/ref=zg_bs_g_64619755031_sccl_17/000-0000000-0000000?psc=1,Paperback,Missing,4.7 out of 5 stars,148
1001 Ultimate Brain Booster Activities for 3 to 6 Years Old Kids |Enhance the Child Mind with Cognitive Excellence with Interactive Activity Book,Missing,https://amazon.in/Ultimate-Brain-Booster-Activities-Years/dp/8131958248/ref=zg_bs_g_64619755031_sccl_18/000-0000000-0000000?psc=1,Paperback,Missing,4.6 out of 5 stars,Team Pegasus
Encyclopedia: Amazing Questions & Answers Science,Om Books Editorial Team,https://amazon.in/Amazing-Question-Answers-Science-Editorial/dp/9352763068/ref=zg_bs_g_64619755031_sccl_19/000-0000000-0000000?psc=1,Paperback,Missing,4.5 out of 5 stars,"3,162"
"Writing Fun A Set Of 4 Books : Write And Practice Capital Letters, Small Letters and Numbers 1 to 2",Wonder House Books,https://amazon.in/Writing-Fun-Set-Books-Practice/dp/9387779777/ref=zg_bs_g_64619755031_sccl_20/000-0000000-0000000?psc=1,Paperback,Missing,4.3 out of 5 stars,"11,824"
"My First Learning Library Box Set [ Includes 20 Board Books] – Early Learning Books for Children with Well-researched Bright Images | Introduction to Basic Topics | Builds Child’s Vocabulary | Improves Hand-Eye Coordination, Recognition Skills and Enhances Visual Motor Skills | Round Corners for Safety| Sturdy Board Material",Wonder House Books,https://amazon.in/First-Learning-Library-Box-Set/dp/9388369882/ref=zg_bs_g_64619755031_sccl_21/000-0000000-0000000?psc=1,Board book,Missing,4.6 out of 5 stars,"14,312"
My First Padded Board Books of Nursery Rhymes : Illustrated Traditional Nursery Rhymes,Wonder House Books,https://amazon.in/Nursery-Rhymes-Board-Book-First/dp/9388144201/ref=zg_bs_g_64619755031_sccl_22/000-0000000-0000000?psc=1,Board book,Missing,4.6 out of 5 stars,"4,082"
Grandparents' Bag of Stories [Paperback] Sudha Murty,Missing,https://amazon.in/Grandparents-Bag-Stories-Sudha-Murty/dp/0143451847/ref=zg_bs_g_64619755031_sccl_23/000-0000000-0000000?psc=1,Paperback,Missing,4.7 out of 5 stars,Murty Sudha
The Magic Of The Lost Temple**,Missing,https://amazon.in/Magic-Lost-Temple-Sudha-Murty/dp/014333316X/ref=zg_bs_g_64619755031_sccl_24/000-0000000-0000000?psc=1,Paperback,Missing,4.6 out of 5 stars,Sudha Murty
Shlokas and Mantras For Kids - Illustrated Padded Board Book - Learn About India's Rich Culture and,Wonder House Books,https://amazon.in/Shlokas-Mantras-Kids-Illustrated-Tradition/dp/9354405169/ref=zg_bs_g_64619755031_sccl_25/000-0000000-0000000?psc=1,Board book,Missing,4.7 out of 5 stars,305
"Jumbo Colouring Book - Activity Colouring Book for 3 to 5 years old kids - Gift to children for painting, drawing and colouring with reference guide [Paperback] Maple Press",Missing,https://amazon.in/Jumbo-Colouring-Book-Maple-Press/dp/9388304608/ref=zg_bs_g_64619755031_sccl_26/000-0000000-0000000?psc=1,Paperback,Missing,4.4 out of 5 stars,Maple Press
Tales from Indian Mythology Collection of 10 Books Story Books For Kids,Wonder House Books,https://amazon.in/Tales-Indian-Mythology-Collection-Books/dp/9354400507/ref=zg_bs_g_64619755031_sccl_27/000-0000000-0000000?psc=1,Paperback,Missing,4.4 out of 5 stars,408
"Phonic Reader (Illustrated) (Set of 6 Books) - Story Book for Kids - Bedtime Stories - 2 Years to 6 Years Old - Read Aloud to Infants, Toddlers",Maple Press,https://amazon.in/Phonic-Reader-Illustrated-Set-Books/dp/9394668772/ref=zg_bs_g_64619755031_sccl_28/000-0000000-0000000?psc=1,Paperback,Missing,4.3 out of 5 stars,511
"How the Earth Got Its Beauty: Puffin Chapter Book: Gorgeous new full colour, illustrated chapter book for young readers from ages 5 and up by Sudha Murty [Hardcover] Murty, Sudha",Missing,https://amazon.in/How-Earth-Got-Its-Beauty/dp/0143447068/ref=zg_bs_g_64619755031_sccl_29/000-0000000-0000000?psc=1,Hardcover,Missing,4.6 out of 5 stars,Sudha Murty
"BRAIN GAMES FOR CLEVER KIDS [Paperback] Moore, Gareth",Missing,https://amazon.in/BRAIN-GAMES-CLEVER-Paperback-Gareth/dp/1780552491/ref=zg_bs_g_64619755031_sccl_30/000-0000000-0000000?psc=1,Paperback,Missing,4.3 out of 5 stars,Gareth Moore
"Story Books for Kids (Set of 5 Books) (Illustrated) - Indian Scientists - Biographies for Children - 6 Years to 10 Years Old - CV Raman, Homi Bhabha, Ramanujan, Vikram Sarabhai, Abdul Kalam",Maple Press,https://amazon.in/Story-Books-Kids-Set-Illustrated/dp/8196149921/ref=zg_bs_g_64619755031_sccl_1/000-0000000-0000000?psc=1,Paperback,Missing,4.5 out of 5 stars,114
201 Amazing Activity Book Fun Activities and Puzzles For Children Spot The Difference Logical Reasoning Patterns and Tracing,Wonder House Books,https://amazon.in/201-Amazing-Activity-Book-Activities/dp/9354404448/ref=zg_bs_g_64619755031_sccl_2/000-0000000-0000000?psc=1,Paperback,Missing,4.4 out of 5 stars,142
Picture Books Collection for Early Learning (Set of 12),E C Axus,https://amazon.in/Picture-Books-Collection-Early-Learning/dp/B01M0QGF0P/ref=zg_bs_g_64619755031_sccl_3/000-0000000-0000000?psc=1,Cards,Missing,4.3 out of 5 stars,"19,064"
All In One Class 10th Science for CBSE Exam 2024,Missing,https://amazon.in/Class-10th-Science-CBSE-Exam-2024/dp/9350105993/ref=zg_bs_g_64619755031_sccl_4/000-0000000-0000000?psc=1,Paperback,Missing,4.3 out of 5 stars,"Sanubia & Rashmi Gupta Sonal Singh & Ruchi Kapoor , Imran Ahmad "
"My First Shaped Board book - Elephant, Die-Cut Animals, Picture Book for Children",Missing,https://amazon.in/My-First-Shaped-Board-book-Elephant-Die-Cut-Animals-Children/dp/9354404006/ref=zg_bs_g_64619755031_sccl_5/000-0000000-0000000?psc=1,Board book,Missing,4.5 out of 5 stars,Wonder House Books
Tinkle Double Digest No 153,Missing,https://amazon.in/Tinkle-Double-Digest-No-153-ebook/dp/B08L3NPZB7/ref=zg_bs_g_64619755031_sccl_6/000-0000000-0000000?psc=1,Kindle Edition,Missing,4.4 out of 5 stars,Multiple Writers
Why I Killed Gandhi?,Missing,https://amazon.in/Why-Killed-Gandhi-Nathuram-Godse/dp/9355715927/ref=zg_bs_g_64619755031_sccl_7/000-0000000-0000000?psc=1,Paperback,Missing,4.1 out of 5 stars,Nathuram Godse
Brain Boosting Activity Book for Kids – 200+ Activities for Age 3+,Maple Press,https://amazon.in/Brain-Boosting-Activity-Book-Kids/dp/9391129668/ref=zg_bs_g_64619755031_sccl_8/000-0000000-0000000?psc=1,Paperback,Missing,4.4 out of 5 stars,"1,058"
Very First Sight Words Sentences Level - 1 Book for Children Age 4 -7 years|With Vocabulary Development Activities for Kids,Dreamland Publications,https://amazon.in/First-Sight-Words-Sentences-Level/dp/9387971996/ref=zg_bs_g_64619755031_sccl_9/000-0000000-0000000?psc=1,Paperback,Missing,4.5 out of 5 stars,"11,784"
"108 Panchatantra Stories for Children (Illustrated) - Story Book for Kids - Moral Stories - Bedtime Stories - 3 Years to 10 Years Old - English Short Stories for Children - Read Aloud to Infants, Toddlers",Maple Press,https://amazon.in/108-Panchatantra-Stories-Illustrated-children/dp/9390292921/ref=zg_bs_g_64619755031_sccl_10/000-0000000-0000000?psc=1,Paperback,Missing,4.4 out of 5 stars,"3,835"
My First 4 In 1 Alphabet Numbers Colours Shapes : Padded Board Books,Wonder House Books,https://amazon.in/First-Alphabet-Numbers-Colours-Shapes/dp/9387779564/ref=zg_bs_g_64619755031_sccl_11/000-0000000-0000000?psc=1,Board book,Missing,4.3 out of 5 stars,"5,205"
Mandala: Colouring Books for Adults with Tear Out Sheets (Adult Colouring Book),Wonder House Books,https://amazon.in/Mandala-Colouring-Books-Adults-Sheets/dp/938653861X/ref=zg_bs_g_64619755031_sccl_12/000-0000000-0000000?psc=1,Paperback,Missing,4.5 out of 5 stars,"4,359"
The Magic Of The Lost Story,Missing,https://amazon.in/Magic-Lost-Story-Sudha-Murty/dp/0143458183/ref=zg_bs_g_64619755031_sccl_13/000-0000000-0000000?psc=1,Paperback,Missing,4.7 out of 5 stars,Sudha Murty
"Story Book for Kids - First Reader (Illustrated) (Set of 6 Books) - Phonic stories - Bedtime Stories - 2 Years to 6 Years Old - Read Aloud to Infants, Toddlers",Maple Press,https://amazon.in/Story-Book-Kids-Illustrated-Toddlers/dp/8119099001/ref=zg_bs_g_64619755031_sccl_14/000-0000000-0000000?psc=1,Paperback,Missing,4.3 out of 5 stars,246
"QOKZEK Magic Practice Copybook, (4 BOOK + 1 PEN + 10 REFILL) Number Tracing Book for Preschoolers with Pen, Magic calligraphy books for kids Reusable Writing Tool (SIZE- 19*13 cm)",Missing,https://amazon.in/Practice-Copybook-Preschoolers-calligraphy-Reusable/dp/B0743DXTVX/ref=zg_bs_g_64619755031_sccl_15/000-0000000-0000000?psc=1,Spiral-bound,Missing,4.4 out of 5 stars,QOKZEK
101 Brain Booster,Wonder House Books,https://amazon.in/101-Brain-Booster-Activity-Book/dp/9388369793/ref=zg_bs_g_64619755031_sccl_16/000-0000000-0000000?psc=1,Paperback,Missing,4.4 out of 5 stars,"5,764"
"Best of Children’s Classics (Set of 5 Books) by Antoine de Saint-Exupéry, J.M. Barrie, Frances Hodgson Burnett, and L. Frank Baum – Classic Children’s Literature | Perfect Gift for Kids | Beloved Timeless Classics | Features Famous Authors | Must-have Children's Books Collection",Missing,https://amazon.in/Best-Childrens-Classics-Set-Books/dp/9389432006/ref=zg_bs_g_64619755031_sccl_17/000-0000000-0000000?psc=1,Paperback,Missing,4.4 out of 5 stars,Antoine de Saint-Exupéry
101 Copy Coloring: Fun Activity Book For Children,Wonder House Books,https://amazon.in/101-Copy-Coloring-Activity-Children/dp/9389053137/ref=zg_bs_g_64619755031_sccl_18/000-0000000-0000000?psc=1,Paperback,Missing,4.5 out of 5 stars,"1,695"
"Pegasus Books Ruskin Bond, Children Story Books Collection (Set Of 4 Books)",Ruskin Bond,https://amazon.in/Ruskin-Bond-Selling-Children-Collection/dp/8131964817/ref=zg_bs_g_64619755031_sccl_19/000-0000000-0000000?psc=1,Product Bundle,Missing,4.5 out of 5 stars,"4,220"
1001 Jumbo Brain Booster Activities for 5 to 8 Years Old Kids|Enhance the Child Mind with Cognitive Excellence with Interactive Activity Book,Missing,https://amazon.in/Jumbo-Brain-Booster-Activities-Years/dp/813195823X/ref=zg_bs_g_64619755031_sccl_20/000-0000000-0000000?psc=1,Paperback,Missing,4.6 out of 5 stars,Team Pegasus
Tinkle Double Digest No 153,Missing,https://amazon.in/Tinkle-Double-Digest-No-153-ebook/dp/B08L3NPZB7/ref=zg_bs_g_1318104031_sccl_1/000-0000000-0000000?psc=1,Kindle Edition,Missing,4.4 out of 5 stars,Multiple Writers
Attack on Titan Vol. 1,Hajime Isayama,https://amazon.in/Attack-Titan-Vol-Hajime-Isayama-ebook/dp/B00CCOO1HA/ref=zg_bs_g_1318104031_sccl_2/000-0000000-0000000?psc=1,Kindle Edition,Missing,4.6 out of 5 stars,"8,337"
Chanakya,Missing,https://amazon.in/Chanakya-Visionaries-YAGYA-SHARMA-ebook/dp/B01NCX4I0V/ref=zg_bs_g_1318104031_sccl_3/000-0000000-0000000?psc=1,Kindle Edition,Missing,4.5 out of 5 stars,YAGYA SHARMA
Diary of a Wimpy Kid : Diper Ã–verlode,Jeff Kinney,https://amazon.in/Diary-Wimpy-Kid-Diper-%C3%96verl%C3%B6de/dp/024158308X/ref=zg_bs_g_1318104031_sccl_4/000-0000000-0000000?psc=1,Hardcover,Missing,4.5 out of 5 stars,"9,919"
Amazing Spider-Man: Worldwide Collection Vol. 1 (Amazing Spider-Man (2015-2018)),Missing,https://amazon.in/Amazing-Spider-Man-Worldwide-Collection-2015-2018-ebook/dp/B07RHQ2PNP/ref=zg_bs_g_1318104031_sccl_5/000-0000000-0000000?psc=1,Kindle Edition,Missing,4.5 out of 5 stars,Dan Slott
Tinkle Double Digest No 155,Missing,https://amazon.in/Tinkle-Double-Digest-No-155-ebook/dp/B08L4TFJJL/ref=zg_bs_g_1318104031_sccl_6/000-0000000-0000000?psc=1,Kindle Edition,Missing,4.4 out of 5 stars,Multiple Writers
Krishna (Amar Chitra Katha),Anant Pai,https://amazon.in/Krishna-Epics-Mythology-ANANT-PAI-ebook/dp/B01NBW0HFH/ref=zg_bs_g_1318104031_sccl_7/000-0000000-0000000?psc=1,Kindle Edition,Missing,4.6 out of 5 stars,"1,183"
Valmiki's Ramayana (10001),Missing,https://amazon.in/Valmikis-Ramayana-Anant-pai-ebook/dp/B071VT9MZT/ref=zg_bs_g_1318104031_sccl_8/000-0000000-0000000?psc=1,Kindle Edition,Missing,4.6 out of 5 stars,Subba Rao
Avengers: Disassembled (Avengers (1998-2004)),Missing,https://amazon.in/Avengers-Disassembled-1998-2004-Brian-Bendis-ebook/dp/B00AAJQWC6/ref=zg_bs_g_1318104031_sccl_9/000-0000000-0000000?psc=1,Kindle Edition,Missing,4.5 out of 5 stars,Brian Michael Bendis
CHACHA CHAUDHARY AND TEMPLE THIEF: CHACHA CHAUDHARY COMICS,PRAN KUMAR SHARMA,https://amazon.in/CHACHA-CHAUDHARY-TEMPLE-THIEF-COMICS-ebook/dp/B072SX7PT2/ref=zg_bs_g_1318104031_sccl_10/000-0000000-0000000?psc=1,Kindle Edition,Missing,4.4 out of 5 stars,"2,316"
Diary of a Wimpy Kid: The Box of Books (,Jeff Kinney,https://amazon.in/WIMPY-KID-ESSENTIAL-COLLECTION-Books/dp/0241638267/ref=zg_bs_g_1318104031_sccl_11/000-0000000-0000000?psc=1,Paperback,Missing,4.8 out of 5 stars,25
Incantations Over Water,Sharanya Manivannan,https://amazon.in/Incantations-Over-Water-Sharanya-Manivannan/dp/9391234984/ref=zg_bs_g_1318104031_sccl_12/000-0000000-0000000?psc=1,Paperback,Missing,4.8 out of 5 stars,15
Mahabharata,Missing,https://amazon.in/Mahabharata-Epics-Mythology-B-R-BHAGWAT-ebook/dp/B01N5QLYA1/ref=zg_bs_g_1318104031_sccl_13/000-0000000-0000000?psc=1,Kindle Edition,Missing,4.4 out of 5 stars,B.R. BHAGWAT
SUPPANDI (VOL 2) : TINKLE COLLECTION (SUPPANDI : TINKLE COLLECTION),Missing,https://amazon.in/SUPPANDI-VOL-TINKLE-COLLECTION-ebook/dp/B076WX4W22/ref=zg_bs_g_1318104031_sccl_14/000-0000000-0000000?psc=1,Kindle Edition,Missing,4.5 out of 5 stars,Rajani Thindiath
CHACHA CHAUDHARY DIGEST 1: CHACHA CHAUDHARY,PRAN KUMAR SHARMA,https://amazon.in/CHACHA-CHAUDHARY-DIGEST-ebook/dp/B016TNH8LK/ref=zg_bs_g_1318104031_sccl_15/000-0000000-0000000?psc=1,Kindle Edition,Missing,4.4 out of 5 stars,"1,067"
Board Book : Festivals of India - Cutout Board Books,Missing,https://amazon.in/Festivals-India-Om-Books-International/dp/9353763754/ref=zg_bs_g_1318104031_sccl_16/000-0000000-0000000?psc=1,Board book,Missing,4.3 out of 5 stars,Kirti Pathak
CHACHA CHAUDHARY AND SABU'S CATAPULT: CHACHA CHAUDHARY,Missing,https://amazon.in/CHACHA-CHAUDHARY-SABUS-CATAPULT-ebook/dp/B078L7BPTW/ref=zg_bs_g_1318104031_sccl_17/000-0000000-0000000?psc=1,Kindle Edition,Missing,4.5 out of 5 stars,PRAN SHARMA
Saraswati,Missing,https://amazon.in/Saraswati-SANJANA-KAPUR-ebook/dp/B06XXWYQFK/ref=zg_bs_g_1318104031_sccl_18/000-0000000-0000000?psc=1,Kindle Edition,Missing,4.5 out of 5 stars,SANJANA KAPUR
One Piece Vol 1 Comic,Missing,https://amazon.in/One-Piece-Vol-1-Comic/dp/B0BGZT784C/ref=zg_bs_g_1318104031_sccl_19/000-0000000-0000000?psc=1,Paperback,Missing,3.4 out of 5 stars,Author Eiichiro Oda
"Peppa Pig - My Best Little Library (12 Board Books Set) [Paperback] Pig, Peppa",Missing,https://amazon.in/Peppa-Pig-Little-Library-Board/dp/0241519578/ref=zg_bs_g_1318104031_sccl_20/000-0000000-0000000?psc=1,Paperback,Missing,4.3 out of 5 stars,Peppa Pig
Avengers vs. Thanos,Steve Englehart,https://amazon.in/Avengers-vs-Thanos-Steve-Englehart-ebook/dp/B00FRP6VKQ/ref=zg_bs_g_1318104031_sccl_21/000-0000000-0000000?psc=1,Kindle Edition,Missing,4.1 out of 5 stars,713
TINKLE DIGEST 1,Missing,https://amazon.in/TINKLE-DIGEST-1-ANANT-PAI-ebook/dp/B0758FSVW5/ref=zg_bs_g_1318104031_sccl_22/000-0000000-0000000?psc=1,Kindle Edition,Missing,4.4 out of 5 stars,ANANT PAI
Flashpoint,Geoff Johns,https://amazon.in/Flashpoint-Geoff-Johns-ebook/dp/B009POHHPS/ref=zg_bs_g_1318104031_sccl_23/000-0000000-0000000?psc=1,Kindle Edition,Missing,4.8 out of 5 stars,"4,099"
Diary of a Wimpy Kid Box Set - Books 1 -,Jeff Kinney,https://amazon.in/Diary-Wimpy-Kid-Books-book/dp/0241567416/ref=zg_bs_g_1318104031_sccl_24/000-0000000-0000000?psc=1,Paperback,Missing,4.5 out of 5 stars,544
Watchmen: International Edition,Missing,https://amazon.in/Watchmen-International-Alan-Moore/dp/1401248195/ref=zg_bs_g_1318104031_sccl_25/000-0000000-0000000?psc=1,Unknown Binding,Missing,4.7 out of 5 stars,Alan Moore
"The Complete MAUS [Paperback] Spiegelman, Art",Art Spiegelman,https://amazon.in/Complete-MAUS-Art-Spiegelman/dp/0141014083/ref=zg_bs_g_1318104031_sccl_26/000-0000000-0000000?psc=1,Paperback,Missing,4.8 out of 5 stars,"10,595"
(Hindi) Set of 10 Champak Magazines in Hindi,Missing,https://amazon.in/Hindi-Set-10-Champak-Magazines/dp/B07RX6KWN7/ref=zg_bs_g_1318104031_sccl_27/000-0000000-0000000?psc=1,Paperback,Missing,4.2 out of 5 stars,Champak
"Palestine [Paperback] Sacco, Joe",Joe Sacco,https://amazon.in/Palestine-Joe-Sacco/dp/0224069829/ref=zg_bs_g_1318104031_sccl_28/000-0000000-0000000?psc=1,Paperback,Missing,4.7 out of 5 stars,543
"Jujutsu Kaisen, Vol. 04: Volume 4",Missing,https://amazon.in/Jujutsu-Kaisen-Vol-4/dp/1974714802/ref=zg_bs_g_1318104031_sccl_29/000-0000000-0000000?psc=1,Paperback,Missing,4.9 out of 5 stars,Gege Akutami
The Black Island (Tintin),Herge,https://amazon.in/Black-Island-Tintin-Herge/dp/1405206187/ref=zg_bs_g_1318104031_sccl_30/000-0000000-0000000?psc=1,Paperback,Missing,4.7 out of 5 stars,"1,376"
"Jujutsu Kaisen, Vol. 02: Volume 2",Missing,https://amazon.in/Jujutsu-Kaisen-Vol-2/dp/1974710033/ref=zg_bs_g_1318104031_sccl_1/000-0000000-0000000?psc=1,Paperback,Missing,4.8 out of 5 stars,Gege Akutami
Amazing Spider-Man Masterworks Vol. 1 (Marvel Masterworks),Stan Lee,https://amazon.in/Amazing-Spider-Man-Masterworks-Vol-Marvel-ebook/dp/B00AAJQVBS/ref=zg_bs_g_1318104031_sccl_2/000-0000000-0000000?psc=1,Kindle Edition,Missing,4.6 out of 5 stars,"1,550"
Set of 10 Champak Magazines,Missing,https://amazon.in/Set-10-Champak-Magazines/dp/B07QFLS5QY/ref=zg_bs_g_1318104031_sccl_3/000-0000000-0000000?psc=1,Paperback,Missing,4.3 out of 5 stars,Champak
Valmiki's Ramayana,Missing,https://amazon.in/Valmikis-Ramayana-Multiple-Writers-ebook/dp/B0B88HQT58/ref=zg_bs_g_1318104031_sccl_4/000-0000000-0000000?psc=1,Kindle Edition,Missing,4.7 out of 5 stars,Multiple Writers
The Crab with Golden Claws (Tintin),Herge,https://amazon.in/Crab-Golden-Claws-Tintin/dp/1405206209/ref=zg_bs_g_1318104031_sccl_5/000-0000000-0000000?psc=1,Paperback,Missing,4.8 out of 5 stars,686
Hulk: Planet Hulk (Incredible Hulk (1999-2007)),Greg Pak,https://amazon.in/Hulk-Planet-Incredible-1999-2007-ebook/dp/B00AAJR0GI/ref=zg_bs_g_1318104031_sccl_6/000-0000000-0000000?psc=1,Kindle Edition,Missing,4.7 out of 5 stars,"1,742"
The Adventures of Tintin (Set of 23 Books),Missing,https://amazon.in/Tintin-Paperback-Boxed-Set-titles/dp/1405294574/ref=zg_bs_g_1318104031_sccl_7/000-0000000-0000000?psc=1,Paperback,Missing,4.7 out of 5 stars,Hergé
Tinkle Double Double Digest No. 06,Missing,https://amazon.in/Tinkle-Double-Digest-No-06-ebook/dp/B08DQYDRZ2/ref=zg_bs_g_1318104031_sccl_8/000-0000000-0000000?psc=1,Kindle Edition,Missing,4.3 out of 5 stars,Thindiath
Batman (2016-) Vol. 1: Their Dark Designs,Missing,https://amazon.in/Batman-2016-Vol-Their-Designs-ebook/dp/B08KGX8T55/ref=zg_bs_g_1318104031_sccl_9/000-0000000-0000000?psc=1,Kindle Edition,Missing,4.7 out of 5 stars,James Tynion
The Seven Crystal Balls (Tintin),Herge,https://amazon.in/Seven-Crystal-Balls-Tintin/dp/1405206241/ref=zg_bs_g_1318104031_sccl_10/000-0000000-0000000?psc=1,Paperback,Missing,4.8 out of 5 stars,661
"Jujutsu Kaisen, Vol. 8, Volume 8",Missing,https://amazon.in/Jujutsu-Kaisen-Vol-8/dp/1974718719/ref=zg_bs_g_1318104031_sccl_11/000-0000000-0000000?psc=1,Paperback,Missing,4.8 out of 5 stars,Gege Akutami
Suppandi & Friends Vol 1: Let the Madness Begin!,Missing,https://amazon.in/Suppandi-Friends-Vol-Madness-Begin-ebook/dp/B08GM5Y78Y/ref=zg_bs_g_1318104031_sccl_12/000-0000000-0000000?psc=1,Kindle Edition,Missing,4.5 out of 5 stars,Multiple Writers
The Batman Who Laughs (The Batman Who Laughs (2018-2019)),Scott Snyder,https://amazon.in/Batman-Who-Laughs-2018-ebook/dp/B07WC9XV26/ref=zg_bs_g_1318104031_sccl_13/000-0000000-0000000?psc=1,Kindle Edition,Missing,4.7 out of 5 stars,"6,092"
One Piece 02: Buggy the Clown: Volume 2 [Paperback] Eiichiro Oda,Eiichiro Oda,https://amazon.in/One-Piece-02-Eiichiro-Oda/dp/159116057X/ref=zg_bs_g_1318104031_sccl_14/000-0000000-0000000?psc=1,Paperback,Missing,4.7 out of 5 stars,"2,145"
Cigars of Pharaoh (Tintin),Herge,https://amazon.in/Cigars-Pharaoh-Tintin-Herge/dp/1405206152/ref=zg_bs_g_1318104031_sccl_15/000-0000000-0000000?psc=1,Paperback,Missing,4.8 out of 5 stars,"1,093"
Tales of Vishnu (Amar Chitra Katha),Missing,https://amazon.in/Tales-Vishnu-Amar-Chitra-Katha/dp/8189999338/ref=zg_bs_g_1318104031_sccl_16/000-0000000-0000000?psc=1,Paperback,Missing,4.6 out of 5 stars,NA
Hanuman,Anant Pai,https://amazon.in/Hanuman-Amar-Chitra-Katha-Anant/dp/8189999249/ref=zg_bs_g_1318104031_sccl_17/000-0000000-0000000?psc=1,Paperback,Missing,4.6 out of 5 stars,959
TINKLE DOUBLE DIGEST 8,Missing,https://amazon.in/TINKLE-DOUBLE-DIGEST-ANANT-PAI-ebook/dp/B075QFXP8P/ref=zg_bs_g_1318104031_sccl_18/000-0000000-0000000?psc=1,Kindle Edition,Missing,4.5 out of 5 stars,ANANT PAI
Tintin in Tibet,Herge,https://amazon.in/Tintin-Tibet-Herge/dp/1405206314/ref=zg_bs_g_1318104031_sccl_19/000-0000000-0000000?psc=1,Paperback,Missing,4.8 out of 5 stars,"1,364"
Spider-Man: Ends of the Earth,Dan Slott,https://amazon.in/Spider-Man-Ends-Earth-Dan-Slott-ebook/dp/B00EARP1JE/ref=zg_bs_g_1318104031_sccl_20/000-0000000-0000000?psc=1,Kindle Edition,Missing,4.4 out of 5 stars,356
Elon Musk,Walter Isaacson,https://amazon.in/Elon-Musk-Walter-Isaacson/dp/1398527491/ref=zg_bs_g_1318105031_sccl_1/000-0000000-0000000?psc=1,Hardcover,Missing,4.7 out of 5 stars,"2,362"
Coffee Can Investing: The Low-Risk Road,Missing,https://amazon.in/Coffee-Can-Investing-Stupendous-Wealth/dp/067009045X/ref=zg_bs_g_1318105031_sccl_2/000-0000000-0000000?psc=1,Hardcover,Missing,4.5 out of 5 stars,"Rakshit; Uni Mukherjea, Saurabh; Ranjan"
"Let's Talk Mutual Funds : A Systematic, Smart Way to Make Them Work for You",Monika Halan,https://amazon.in/Lets-Talk-Mutual-Funds-Systematic/dp/9356991464/ref=zg_bs_g_1318105031_sccl_3/000-0000000-0000000?psc=1,Paperback,Missing,4.6 out of 5 stars,200
"The Personal MBA: A World-Class Business Education in a Single Volume [Paperback] Kaufman, Josh",Josh Kaufman,https://amazon.in/Personal-MBA-World-Class-Business-Education/dp/0670919535/ref=zg_bs_g_1318105031_sccl_4/000-0000000-0000000?psc=1,Paperback,Missing,4.5 out of 5 stars,"6,244"
"Let's Talk Mutual Funds: A Systematic, Smart Way to Make Them Work for You",Missing,https://amazon.in/Lets-Talk-Mutual-Funds-Systematic/dp/B0CCSR7S46/ref=zg_bs_g_1318105031_sccl_5/000-0000000-0000000?psc=1,Audible Audiobook,Missing,4.6 out of 5 stars,Monika Halan
Let Us C: Authentic guide to C programming language - 19th Edition,Missing,https://amazon.in/Let-Us-Authentic-programming-language/dp/9355512767/ref=zg_bs_g_1318105031_sccl_6/000-0000000-0000000?psc=1,Paperback,Missing,4.4 out of 5 stars,Yashavant Kanetkar
System Design Interview - An Insider's Guide: Volume 2,Sahn Lam,https://amazon.in/System-Design-Interview-Insiders-Guide/dp/1736049119/ref=zg_bs_g_1318105031_sccl_7/000-0000000-0000000?psc=1,Paperback,Missing,3.4 out of 5 stars,"1,277"
System Design Interview - An insider's guide,Alex Xu,https://amazon.in/System-Design-Interview-insiders-Second/dp/B08CMF2CQF/ref=zg_bs_g_1318105031_sccl_8/000-0000000-0000000?psc=1,Paperback,Missing,4.3 out of 5 stars,"2,464"
"The Mental Game of Trading: A System for Solving Problems with Greed, Fear, Anger, Confidence, and Discipline",Jared Tendler,https://amazon.in/Mental-Game-Trading-Confidence-Discipline/dp/1734030917/ref=zg_bs_g_1318105031_sccl_9/000-0000000-0000000?psc=1,Paperback,Missing,4.6 out of 5 stars,473
Investonomy: The Stock Market Guide That: The Stock Market Guide That Makes You Rich,Missing,https://amazon.in/Investonomy-Stock-Market-Guide-Makes/dp/0143455044/ref=zg_bs_g_1318105031_sccl_10/000-0000000-0000000?psc=1,Paperback,Missing,4.3 out of 5 stars,Pranjal Kamra
The Most Important Thing: Uncommon Sense for The Thoughtful Investor,Howard Marks,https://amazon.in/Most-Important-Thing-Uncommon-Thoughtful/dp/9353022797/ref=zg_bs_g_1318105031_sccl_11/000-0000000-0000000?psc=1,Paperback,Missing,4.5 out of 5 stars,"2,972"
Hooked : How to Build Habit-Forming Prod,Nir Eyal,https://amazon.in/Hooked-How-Build-Habit-Forming-Products/dp/0241184835/ref=zg_bs_g_1318105031_sccl_12/000-0000000-0000000?psc=1,Hardcover,Missing,4.6 out of 5 stars,"7,325"
AN UGLY TRUTH: INSIDE FACEBOOK'S BATTLE FOR DOMINATION,Sheera Frenkel,https://amazon.in/UGLY-TRUTH-INSIDE-FACEBOOKS-DOMINATION/dp/1408712717/ref=zg_bs_g_1318105031_sccl_13/000-0000000-0000000?psc=1,Hardcover,Missing,4.3 out of 5 stars,"1,190"
Supply and Demand Trading: How To Master The Trading Zones,Frank Miller,https://amazon.in/Supply-Demand-Trading-Master-Zones/dp/1957999047/ref=zg_bs_g_1318105031_sccl_14/000-0000000-0000000?psc=1,Paperback,Missing,4.3 out of 5 stars,222
"Data Structures and Algorithms Made Easy: Data Structures and Algorithmic Puzzles, Fifth Edition",Missing,https://amazon.in/Data-Structures-Algorithms-Made-Easy-ebook/dp/B09B8STDLH/ref=zg_bs_g_1318105031_sccl_15/000-0000000-0000000?psc=1,Kindle Edition,Missing,3.6 out of 5 stars,Narasimha Karumanchi
Algorithms to Live By: The Computer Science of Human Decisions,Brian Christian,https://amazon.in/Algorithms-Live-Computer-Science-Decisions/dp/0007547994/ref=zg_bs_g_1318105031_sccl_16/000-0000000-0000000?psc=1,Paperback,Missing,4.5 out of 5 stars,"5,507"
"The Lean Startup: How Constant Innovation Creates Radically Successful Businesses [Paperback] Ries, Eric",Missing,https://amazon.in/Lean-Startup-Innovation-Successful-Businesses/dp/0670921602/ref=zg_bs_g_1318105031_sccl_17/000-0000000-0000000?psc=1,Paperback,Missing,4.5 out of 5 stars,RIES ERIC
Data Structures and Algorithms Made Easy,Narasimha Karumanchi,https://amazon.in/Data-Structures-Algorithms-Made-Easy/dp/819324527X/ref=zg_bs_g_1318105031_sccl_18/000-0000000-0000000?psc=1,Paperback,Missing,4.4 out of 5 stars,"2,896"
System Design Interview: An insider's guide – Volume 1 (Greyscale Indian Edition),Alex Xu,https://amazon.in/System-Design-Interview-insiders-Greyscale/dp/9355424329/ref=zg_bs_g_1318105031_sccl_19/000-0000000-0000000?psc=1,Paperback,Missing,4.1 out of 5 stars,7
The Hundred-Page Machine Learning Book,Andriy Burkov,https://amazon.in/The-Hundred-Page-Machine-Learning-Book/dp/199957950X/ref=zg_bs_g_1318105031_sccl_20/000-0000000-0000000?psc=1,Paperback,Missing,4.5 out of 5 stars,"1,074"
Data Structures And Algorithms Made Easy: Data Structures And Algorithmic Puzzles,Narasimha Karumanchi,https://amazon.in/Data-Structures-Algorithms-Made-Easy/dp/8193245288/ref=zg_bs_g_1318105031_sccl_21/000-0000000-0000000?psc=1,Paperback,Missing,4.4 out of 5 stars,"2,896"
Digital Minimalism: Choosing a Focused Life in a Noisy World,Cal Newport,https://amazon.in/Digital-Minimalism-Choosing-Focused-Noisy/dp/0241453577/ref=zg_bs_g_1318105031_sccl_22/000-0000000-0000000?psc=1,Paperback,Missing,4.5 out of 5 stars,"7,267"
Deep Learning (Adaptive Computation and Machine Learning series),Aaron Courville,https://amazon.in/Deep-Learning-Ian-Goodfellow/dp/0262035618/ref=zg_bs_g_1318105031_sccl_23/000-0000000-0000000?psc=1,Hardcover,Missing,4.7 out of 5 stars,"2,066"
The Man Who Solved the Market: How Jim Simons Launched the Quant Revolution SHORTLISTED FOR THE FT & MCKINSEY BUSINESS BOOK OF THE YEAR AWARD 2019,Gregory Zuckerman,https://amazon.in/Man-Who-Solved-Market-Revolution/dp/0241309727/ref=zg_bs_g_1318105031_sccl_24/000-0000000-0000000?psc=1,Paperback,Missing,4.4 out of 5 stars,"4,196"
"Life 3.0: Being Human in the Age of Artificial Intelligence [Paperback] Tegmark, Max",Max Tegmark,https://amazon.in/Life-3-0-Being-Artificial-Intelligence/dp/0141981806/ref=zg_bs_g_1318105031_sccl_25/000-0000000-0000000?psc=1,Paperback,Missing,4.4 out of 5 stars,"5,130"
Data Structures and Algorithms Made Easy in Java,Narasimha Karumanchi,https://amazon.in/Data-Structures-Algorithms-Made-Easy/dp/8192107558/ref=zg_bs_g_1318105031_sccl_26/000-0000000-0000000?psc=1,Paperback,Missing,4.3 out of 5 stars,"1,144"
Diamonds In The Dust: Consistent Compoun,Saurabh Mukherjea,https://amazon.in/Diamonds-Dust-Consistent-Compounding-Extraordinary/dp/0670095303/ref=zg_bs_g_1318105031_sccl_27/000-0000000-0000000?psc=1,Hardcover,Missing,4.5 out of 5 stars,"2,287"
Cracking the PM Interview: How to Land a Product Manager Job in Technology,Gayle Laakmann McDowell,https://amazon.in/Cracking-PM-Interview-Product-Technology/dp/0984782818/ref=zg_bs_g_1318105031_sccl_28/000-0000000-0000000?psc=1,Paperback,Missing,4.4 out of 5 stars,"2,826"
Elliott Wave - Fibonacci High Probability Trading: Master The Wave Principle and Market Timing With Proven Strategies,Jarrod Sanders,https://amazon.in/Elliott-Wave-Fibonacci-Probability-Strategies/dp/1957999101/ref=zg_bs_g_1318105031_sccl_29/000-0000000-0000000?psc=1,Paperback,Missing,4.2 out of 5 stars,90
"Tomorrow, and Tomorrow, and Tomorrow: The #1 smash-hit Sunday Times bestseller",Gabrielle Zevin,https://amazon.in/Tomorrow-smash-hit-Sunday-Times-bestseller/dp/152911554X/ref=zg_bs_g_1318105031_sccl_30/000-0000000-0000000?psc=1,Paperback,Missing,4.3 out of 5 stars,"64,524"
The Coming Wave: The instant Sunday Times bestseller from the ultimate AI insider,Mustafa Suleyman,https://amazon.in/Coming-Wave-Technology-Twenty-First-Centurys/dp/1847927491/ref=zg_bs_g_1318105031_sccl_1/000-0000000-0000000?psc=1,Paperback,Missing,4.3 out of 5 stars,236
"Tomorrow, and Tomorrow, and Tomorrow: A BBC RADIO 2 BOOK CLUB PICK FOR JULY 2022",Gabrielle Zevin,https://amazon.in/Tomorrow-best-books-ever-GREEN/dp/1784744654/ref=zg_bs_g_1318105031_sccl_2/000-0000000-0000000?psc=1,Paperback,Missing,4.3 out of 5 stars,"64,524"
"The Coming Wave: Technology, Power, and the Twenty-first Century's Greatest Dilemma",Mustafa Suleyman,https://amazon.in/Coming-Wave-Technology-Twenty-first-Centurys/dp/0593593952/ref=zg_bs_g_1318105031_sccl_3/000-0000000-0000000?psc=1,Hardcover,Missing,4.3 out of 5 stars,236
Data Structures and Algorithms Made Easy in Java: Data Structure and Algorithmic Puzzles,Narasimha Karumanchi,https://amazon.in/Data-Structures-Algorithms-Made-Easy-ebook/dp/B08CMLS7LZ/ref=zg_bs_g_1318105031_sccl_4/000-0000000-0000000?psc=1,Kindle Edition,Missing,4.3 out of 5 stars,"1,144"
"GODEL, ESCHER, BACH",Douglas R. Hofstadter,https://amazon.in/Godel-Escher-Bach-Douglas-Hofstadter/dp/0465026567/ref=zg_bs_g_1318105031_sccl_5/000-0000000-0000000?psc=1,Paperback,Missing,4.6 out of 5 stars,"1,966"
Data Structure and Algorithmic Thinking with Python: Data Structure and Algorithmic Puzzles,Narasimha Karumanchi,https://amazon.in/Data-Structure-Algorithmic-Thinking-Python-ebook/dp/B08CKZ6454/ref=zg_bs_g_1318105031_sccl_6/000-0000000-0000000?psc=1,Kindle Edition,Missing,4.3 out of 5 stars,749
Secrets on Fibonacci Trading: Mastering Fibonacci Techniques In Less Than 3 Days,Frank Miller,https://amazon.in/Secrets-Fibonacci-Trading-Mastering-Techniques/dp/195799908X/ref=zg_bs_g_1318105031_sccl_7/000-0000000-0000000?psc=1,Paperback,Missing,4.3 out of 5 stars,955
Machine Learning System Design Interview,Missing,https://amazon.in/Machine-Learning-System-Design-Interview/dp/1736049127/ref=zg_bs_g_1318105031_sccl_8/000-0000000-0000000?psc=1,Paperback,Missing,4.2 out of 5 stars,Alex Xu Ali Aminian
The Innovators,Walter Isaacson,https://amazon.in/Innovators-Inventors-Hackers-Geniuses-Revolution/dp/1471138801/ref=zg_bs_g_1318105031_sccl_9/000-0000000-0000000?psc=1,Paperback,Missing,4.6 out of 5 stars,"5,277"
UPPCL TG2 Computer Science Book [Theory+Objective],Missing,https://amazon.in/UPPCL-Computer-Science-Theory-Objective/dp/B0BG62LZPS/ref=zg_bs_g_1318105031_sccl_10/000-0000000-0000000?psc=1,Paperback,Missing,3.9 out of 5 stars,Shubham Swarnkar
"Hands-On Machine Learning with Scikit-Learn, Keras, and TensorFlow: Concepts, Tools, and Techniques to Build Intelligent Systems, Third Edition (Full Colour Print)",Aurélien Géron,https://amazon.in/Hands-Machine-Learning-Scikit-Learn-TensorFlow/dp/9355421982/ref=zg_bs_g_1318105031_sccl_11/000-0000000-0000000?psc=1,Paperback,Missing,4.7 out of 5 stars,93
"Love in the Time of Cholera [Paperback] Marquez, Gabriel Garcia",Missing,https://amazon.in/Love-Cholera-Gabriel-Garcia-Marquez/dp/014012389X/ref=zg_bs_g_1318105031_sccl_12/000-0000000-0000000?psc=1,Paperback,Missing,4.5 out of 5 stars,Marquez Gabriel Garcia
The Book of Why : The New Science of Cause and Effect,Judea Pearl,https://amazon.in/Book-Why-Science-Cause-Effect/dp/0141982411/ref=zg_bs_g_1318105031_sccl_13/000-0000000-0000000?psc=1,Paperback,Missing,4.4 out of 5 stars,"1,970"
"Decode and Conquer: Answers to Product Management Interviews [paperback] Lin, Lewis C [Nov 28, 2013]…",Lewis C Lin,https://amazon.in/Decode-Conquer-Answers-Management-Interviews/dp/0615930417/ref=zg_bs_g_1318105031_sccl_14/000-0000000-0000000?psc=1,Paperback,Missing,4.4 out of 5 stars,997
The Visual MBA: A Quick Guide to Everything You’ll Learn in Two Years of Business School,Jason Barron,https://amazon.in/Visual-MBA-Everything-Business-School/dp/0241386683/ref=zg_bs_g_1318105031_sccl_15/000-0000000-0000000?psc=1,Paperback,Missing,4.4 out of 5 stars,552
"Let Us Python: Python Is Future, Embrace It Fast Learn Python Quickly A Programmer-Friendly Guide- 6th Edition",Missing,https://amazon.in/Let-Us-Python-Embrace-Programmer-Friendly/dp/9355515413/ref=zg_bs_g_1318105031_sccl_16/000-0000000-0000000?psc=1,Unknown Binding,Missing,5.0 out of 5 stars,Aditya Kanetkar Yashavant Kanetkar
THE MAN EATING LEOPARD OF RUDRAPRAYAG,Jim Corbett,https://amazon.in/MAN-EATING-LEOPARD-RUDRAPRAYAG/dp/8129141841/ref=zg_bs_g_1318105031_sccl_17/000-0000000-0000000?psc=1,Paperback,Missing,4.7 out of 5 stars,"1,707"
"Let's Talk Mutual Funds: A Systematic, Smart Way to Make Them Work for You",Monika Halan,https://amazon.in/Lets-Talk-Mutual-Funds-Systematic-ebook/dp/B0C5FG9NQ2/ref=zg_bs_g_1318105031_sccl_18/000-0000000-0000000?psc=1,Kindle Edition,Missing,4.6 out of 5 stars,200
Algorithms to Live By: The Computer Science of Human Decisions,Missing,https://amazon.in/Algorithms-Live-Computer-Science-Decisions/dp/B079P5V4ZF/ref=zg_bs_g_1318105031_sccl_19/000-0000000-0000000?psc=1,Audible Audiobook,Missing,4.5 out of 5 stars,Brian Christian
The ChatGPT Millionaire: Making Money Online has never been this EASY (Updated for GPT-4) (ChatGPT Mastery Series),Neil Dagger,https://amazon.in/ChatGPT-Millionaire-Making-Online-Updated-ebook/dp/B0BSHFVWFD/ref=zg_bs_g_1318105031_sccl_20/000-0000000-0000000?psc=1,Kindle Edition,Missing,4.2 out of 5 stars,"1,947"
